{   
    "0x0000FFFF" : "GT_INVALID_VAL",
    "0x00010914" : "ELITE_LIB_GET_CAPI_MODULE",
    "0x00010915" : "ELITE_LIB_CAPI_PROCESS_THREAD",
    "0x00010937" : "PARAM_ID_LIB_VERSION",
    "0x0001096E" : "PARAM_ID_FFV_IVA",
    "0x0001096F" : "PARAM_ID_FFV_SCS",
    "0x00010970" : "PARAM_ID_FFV_IVA_MONITOR",
    "0x0001097B" : "PARAM_ID_FFV_SCS_LPF",
    "0x00010E5D" : "ELITE_LIB_GET_IMC",
    "0x00010FC1" : "VCPM_QCELP13K_MEDIA_ID",
    "0x00010FC2" : "VCPM_EVRCA_MEDIA_ID",
    "0x00010FC3" : "VCPM_EVRCB_MEDIA_ID",
    "0x00010FC4" : "VCPM_EVRCWB_MEDIA_ID",
    "0x00010FC5" : "VCPM_EVRCNW_MEDIA_ID",
    "0x00010FC6" : "VCPM_AMR_MEDIA_ID",
    "0x00010FC7" : "VCPM_AMRWB_MEDIA_ID",
    "0x00010FC8" : "VCPM_EFR_MEDIA_ID",
    "0x00010FC9" : "VCPM_FR_MEDIA_ID",
    "0x00010FCA" : "VCPM_HR_MEDIA_ID",
    "0x00010FD4" : "VCPM_EAMR_MEDIA_ID",
    "0x00010FD7" : "VCPM_EVRCNW2K_MEDIA_ID",
    "0x00010FD8" : "VCPM_EVS_MEDIA_ID",
    "0x00012ECF" : "VCPM_LOG_SEGMENT_HEADER_CONTAINER_ID",
    "0x00012ED0" : "VCPM_LOG_AUX_INFO_CONTAINER_ID",
    "0x00012ED5" : "VCPM_LOG_VOICE_CONTAINER_ID",
    "0x000131A1" : "VCPM_G711ALAW_V2_MEDIA_ID",
    "0x000131A2" : "VCPM_G711MULAW_V2_MEDIA_ID",
    "0x0001321B" : "ELITE_LIB_MEM_MAPPER",
    "0x000132E4" : "FWK_EXTN_BT_CODEC",
    "0x000132E5" : "CAPI_BT_CODEC_EXTN_EVENT_ID_DISABLE_PREBUFFER",
    "0x000132E7" : "CAPI_BT_CODEC_EXTN_EVENT_ID_KPPS_SCALE_FACTOR",
    "0x00ABCD01" : "SPF_SEQ_SLEEP",
    "0x00ABCD02" : "SPF_SEQ_SETUP_DATA_PATH",
    "0x00ABCD03" : "SPF_SEQ_START_DATA_PUMP",
    "0x00ABCD04" : "SPF_SEQ_EXIT_DATA_PUMP",
    "0x00ABCD05" : "SPF_SEQ_STOP_DATA_PUMP",
    "0x00ABCD06" : "SPF_SEQ_WAIT_DATA_PUMP_DONE",
    "0x00ABCD07" : "SPF_SEQ_SET_OUTPUT_MF",
    "0x00ABCD08" : "SPF_SEQ_COSIM_RESET",
    "0x00ABCD09" : "SPF_SEQ_TEST_PASS_CRITERIA",
    "0x00ABCD0A" : "SPF_SEQ_BIN_FILE_CMP",
    "0x00ABCD0B" : "SPF_SEQ_HLPR_SETUP",
    "0x00ABCD0C" : "SPF_SEQ_HLPR_TERMINATE",
    "0x00ABCD0D" : "SPF_SEQ_EVT_STATUS",
    "0x00ABCD0E" : "SPF_SEQ_BURSTINESS_DETECTION",
    "0x00ABCD0F" : "SPF_SEQ_LOOP_START",
    "0x00ABCD10" : "SPF_SEQ_LOOP_STOP",
    "0x00ABCD11" : "SPF_SEQ_GET_PATH_DELAY",
    "0x00ABCD12" : "SPF_SEQ_HLPR_DATA_AVSYNC_TRIGGER",
    "0x00ABCD13" : "SPF_SEQ_SETUP_AVSYNC_THRD",
    "0x00ABCD14" : "SPF_SEQ_EXIT_AVSYNC_THRD",
    "0x00ABCD15" : "SPF_SEQ_SLEEP_ISLAND_TEST",
    "0x00ABCD16" : "SPF_SEQ_AVSYNC_THRD_DATA_FLOW",
    "0x00ABCD17" : "SPF_SEQ_VCPM_CMD_REGISTER_CFG",
    "0x00ABCD18" : "SPF_SEQ_STOP_AVSYNC_THRD",
    "0x00ABCD19" : "SPF_SEQ_WAIT_FOR_EVENT",
    "0x00ABCD20" : "SPF_SEQ_REGISTER_UQCI",
    "0x00ABCE00" : "SPF_SEQ_WAIT_EARLY_EOS",
    "0x00ABCE01" : "GT_INT_CMD_EARLY_EOS",
    "0x01001000" : "APM_CMD_GRAPH_OPEN",
    "0x01001001" : "APM_CMD_GRAPH_PREPARE",
    "0x01001002" : "APM_CMD_GRAPH_START",
    "0x01001003" : "APM_CMD_GRAPH_STOP",
    "0x01001004" : "APM_CMD_GRAPH_CLOSE",
    "0x01001005" : "APM_CMD_GRAPH_FLUSH",
    "0x01001006" : "APM_CMD_SET_CFG",
    "0x01001007" : "APM_CMD_GET_CFG",
    "0x01001008" : "APM_CMD_REGISTER_CFG",
    "0x01001009" : "APM_CMD_DEREGISTER_CFG",
    "0x0100100A" : "APM_CMD_REGISTER_SHARED_CFG",
    "0x0100100B" : "APM_CMD_DEREGISTER_SHARED_CFG",
    "0x0100100C" : "APM_CMD_SHARED_MEM_MAP_REGIONS",
    "0x0100100D" : "APM_CMD_SHARED_MEM_UNMAP_REGIONS",
    "0x0100100E" : "APM_CMD_REGISTER_MODULE_EVENTS",
    "0x0100100F" : "PRM_CMD_REQUEST_HW_RSC",
    "0x01001010" : "PRM_CMD_RELEASE_HW_RSC",
    "0x01001011" : "IRM_CMD_GET_MEMORY_STATS",
    "0x01001012" : "IRM_CMD_RESET_PEAK_HEAP_USE",
    "0x01001013" : "APM_CMD_CLOSE_ALL",
    "0x01001014" : "GPR_CMDID_DEREGISTER",
    "0x01001015" : "GPR_CMDID_ASYNC_SEND",
    "0x01001016" : "GPR_CMDID_ALLOC",
    "0x01001017" : "GPR_CMDID_FREE",
    "0x01001018" : "GPR_CMDID_ALLOC_EXT",
    "0x01001019" : "GPR_CMDID_ALLOC_SEND",
    "0x0100101A" : "GPR_CMDID_ACCEPT_COMMAND",
    "0x0100101B" : "GPR_CMDID_END_COMMAND",
    "0x0100101E" : "AMDB_CMD_REGISTER_MODULES",
    "0x0100101F" : "AMDB_CMD_DEREGISTER_MODULES",
    "0x01001020" : "AMDB_CMD_LOAD_MODULES",
    "0x01001021" : "APM_CMD_GET_SPF_STATE",
    "0x01001022" : "AMDB_CMD_UNLOAD_MODULES",
    "0x01001023" : "GPR_CMDID_IS_REGISTERED",
    "0x01001024" : "PRM_PVT_CMD_COSIM_OPEN",
    "0x01001025" : "PRM_PVT_CMD_COSIM_CLOSE",
    "0x01001026" : "APM_CMD_SHARED_SATELLITE_MEM_MAP_REGIONS",
    "0x01001027" : "APM_CMD_SHARED_SATELLITE_MEM_UNMAP_REGIONS",
    "0x01001028" : "GPR_CMDID_GET_HOST_DOMAIN_ID",
    "0x01001029" : "GPR_CMDID_GET_GPR_PACKET_POOL_INFO",
    "0x0100102A" : "SPF_MSG_CMD_GPR",
    "0x0100102B" : "SPF_MSG_CMD_GRAPH_OPEN",
    "0x0100102C" : "SPF_MSG_CMD_SET_CFG",
    "0x0100102D" : "SPF_MSG_CMD_GET_CFG",
    "0x0100102E" : "SPF_MSG_CMD_REGISTER_CFG",
    "0x0100102F" : "SPF_MSG_CMD_DEREGISTER_CFG",
    "0x01001030" : "SPF_MSG_CMD_GRAPH_PREPARE",
    "0x01001031" : "SPF_MSG_CMD_GRAPH_START",
    "0x01001032" : "SPF_MSG_CMD_GRAPH_STOP",
    "0x01001033" : "SPF_MSG_CMD_GRAPH_FLUSH",
    "0x01001034" : "SPF_MSG_CMD_GRAPH_CLOSE",
    "0x01001035" : "SPF_MSG_CMD_GRAPH_CONNECT",
    "0x01001036" : "SPF_MSG_CMD_GRAPH_DISCONNECT",
    "0x01001037" : "SPF_MSG_CMD_DESTROY_CONTAINER",
    "0x01001038" : "SPF_MSG_CMD_MEDIA_FORMAT",
    "0x01001039" : "SPF_MSG_CMD_INFORM_ICB_INFO",
    "0x0100103A" : "SPF_MSG_CMD_CTRL_PORT_TRIGGER_MSG",
    "0x0100103B" : "SPF_MSG_CMD_PROXY_GRAPH_INFO",
    "0x0100103C" : "SPF_MSG_CMD_PROXY_GRAPH_PREPARE",
    "0x0100103D" : "SPF_MSG_CMD_PROXY_GRAPH_START",
    "0x0100103E" : "SPF_MSG_CMD_PROXY_GRAPH_STOP",
    "0x0100103F" : "SPF_MSG_CMD_PEER_PORT_PROPERTY_UPDATE",
    "0x01001040" : "SPF_MSG_CMD_UPSTREAM_STOPPED_ACK",
    "0x01001041" : "SPF_MSG_CTRL_PORT_POLLING_MSG",
    "0x01001043" : "APM_CMD_GRAPH_SUSPEND",
    "0x01001044" : "SPF_MSG_CMD_GRAPH_SUSPEND",
    "0x01001045" : "SPF_MSG_CMD_SATELLITE_GPR",
    "0x01001046" : "GPR_CMDID_REGISTER",
    "0x01001047" : "APM_CMD_REGISTER_MODULE_EVENTS_V2",
    "0x01001048" : "SPF_MSG_CMD_UQSI",
    "0x01001049" : "ASPS_CMD_GET_CFG",
    "0x0100104A" : "ASPS_CMD_REGISTER_MODULE_EVENTS",
    "0x0100104B" : "ASPS_CMD_SET_CFG",
    "0x02001000" : "APM_CMD_RSP_GET_CFG",
    "0x02001001" : "APM_CMD_RSP_SHARED_MEM_MAP_REGIONS",
    "0x02001002" : "PRM_CMD_RSP_REQUEST_HW_RSC",
    "0x02001003" : "PRM_CMD_RSP_RELEASE_HW_RSC",
    "0x02001004" : "IRM_CMD_RSP_GET_MEMORY_STATS",
    "0x02001005" : "GPR_IBASIC_RSP_RESULT",
    "0x02001006" : "GPR_IBASIC_EVT_ACCEPTED",
    "0x02001007" : "APM_CMD_RSP_GET_SPF_STATE",
    "0x02001008" : "AMDB_CMD_RSP_LOAD_MODULES",
    "0x02001009" : "APM_CMD_RSP_SHARED_SATELLITE_MEM_MAP_REGIONS",
    "0x0200100A" : "SPF_MSG_RSP_GRAPH_OPEN",
    "0x0200100B" : "SPF_MSG_RSP_PROXY_MGMT_PERMISSION",
    "0x0200100C" : "ASPS_CMD_RSP_GET_CFG",
    "0x0200100D" : "ASPS_CMD_BASIC_RSP",
    "0x03001000" : "APM_EVENT_MODULE_TO_CLIENT",
    "0x03001001" : "IMCL_INTER_PROC_TRIGGER_MSG_GPR",
    "0x03001002" : "IMCL_INTER_PROC_POLLING_MSG_GPR",
    "0x03001003" : "IMCL_INTER_PROC_PEER_STATE_UPDATE",
    "0x03001004" : "OFFLOAD_EVENT_ID_SH_MEM_EP_OPERATING_FRAME_SIZE",
    "0x03001005" : "OFFLOAD_EVENT_ID_DOWNSTREAM_PEER_PORT_PROPERTY",
    "0x03001006" : "OFFLOAD_EVENT_ID_UPSTREAM_PEER_PORT_PROPERTY",
    "0x03001007" : "OFFLOAD_EVENT_ID_UPSTREAM_STATE",
    "0x03001008" : "OFFLOAD_EVENT_ID_GET_CONTAINER_DELAY",
    "0x03001009" : "OFFLOAD_EVENT_ID_RD_SH_MEM_EP_MEDIA_FORMAT",
    "0x0300100A" : "SPF_EVT_TO_APM_FOR_PATH_DELAY",
    "0x0300100B" : "SPF_EVT_ID_CLOCK_VOTE_CHANGE",
    "0x0300100C" : "EVENT_ID_MODULE_CMN_METADATA_TRACKING_EVENT",
    "0x0300100D" : "EVENT_ID_MODULE_CMN_METADATA_CLONE_MD",
    "0x0300100E" : "ASPS_EVENT_TO_CLIENT",
    "0x04001000" : "DATA_CMD_WR_SH_MEM_EP_DATA_BUFFER",
    "0x04001001" : "DATA_CMD_WR_SH_MEM_EP_MEDIA_FORMAT",
    "0x04001002" : "DATA_CMD_WR_SH_MEM_EP_EOS",
    "0x04001003" : "DATA_CMD_RD_SH_MEM_EP_DATA_BUFFER",
    "0x04001004" : "DATA_CMD_RD_SH_MEM_EP_DATA_BUFFER_EXT",
    "0x04001005" : "DATA_CMD_WR_SH_MEM_EP_DATA_BUFFER_EXT",
    "0x04001006" : "DATA_CMD_WR_SH_MEM_EP_EOS_EXT",
    "0x04001007" : "DATA_CMD_WR_SH_MEM_EP_PEER_PORT_PROPERTY",
    "0x04001008" : "SPF_MSG_DATA_BUFFER",
    "0x04001009" : "SPF_MSG_DATA_MEDIA_FORMAT",
    "0x0400100A" : "DATA_CMD_WR_SH_MEM_EP_DATA_BUFFER_V2",
    "0x0400100B" : "DATA_CMD_RD_SH_MEM_EP_DATA_BUFFER_V2",
    "0x05001000" : "DATA_CMD_RSP_WR_SH_MEM_EP_DATA_BUFFER_DONE",
    "0x05001001" : "DATA_CMD_RSP_WR_SH_MEM_EP_EOS_RENDERED",
    "0x05001002" : "DATA_CMD_RSP_RD_SH_MEM_EP_DATA_BUFFER_DONE",
    "0x05001003" : "DATA_CMD_RSP_WR_SH_MEM_EP_EOS_RENDERED_EXT",
    "0x05001004" : "DATA_CMD_RSP_WR_SH_MEM_EP_DATA_BUFFER_DONE_V2",
    "0x05001005" : "DATA_CMD_RSP_RD_SH_MEM_EP_DATA_BUFFER_DONE_V2",
    "0x06001000" : "DATA_EVENT_ID_RD_SH_MEM_EP_MEDIA_FORMAT",
    "0x06001001" : "DATA_EVENT_ID_RD_SH_MEM_EP_EOS",
    "0x06001003" : "OFFLOAD_DATA_EVENT_ID_UPSTREAM_PEER_PORT_PROPERTY",
    "0x07001000" : "MODULE_ID_WR_SHARED_MEM_EP",
    "0x07001001" : "MODULE_ID_RD_SHARED_MEM_EP",
    "0x07001002" : "MODULE_ID_GAIN",
    "0x07001003" : "MODULE_ID_PCM_CNV",
    "0x07001004" : "MODULE_ID_PCM_ENC",
    "0x07001005" : "MODULE_ID_PCM_DEC",
    "0x07001006" : "MODULE_ID_SH_MEM_PULL_MODE",
    "0x07001007" : "MODULE_ID_SH_MEM_PUSH_MODE",
    "0x07001008" : "MODULE_ID_PLACEHOLDER_ENCODER",
    "0x07001009" : "MODULE_ID_PLACEHOLDER_DECODER",
    "0x0700100A" : "MODULE_ID_I2S_SINK",
    "0x0700100B" : "MODULE_ID_I2S_SOURCE",
    "0x0700100C" : "MODULE_ID_HW_PCM_SINK",
    "0x0700100D" : "MODULE_ID_HW_PCM_SOURCE",
    "0x0700100E" : "MODULE_ID_TDM_SINK",
    "0x0700100F" : "MODULE_ID_TDM_SOURCE",
    "0x07001010" : "MODULE_ID_SAL",
    "0x07001011" : "MODULE_ID_SPLITTER",
    "0x07001012" : "MODULE_ID_AMRWBPLUS_DEC",
    "0x07001013" : "MODULE_ID_CHMIXER",
    "0x07001014" : "MODULE_ID_MSIIR",
    "0x07001015" : "MODULE_ID_MFC",
    "0x07001016" : "MODULE_ID_DYNAMIC_RESAMPLER",
    "0x07001017" : "MODULE_ID_IIR_MBDRC",
    "0x07001018" : "MODULE_ID_IIR_RESAMPLER",
    "0x07001019" : "MODULE_ID_SOFT_PAUSE",
    "0x0700101A" : "MODULE_ID_DATA_LOGGING",
    "0x0700101B" : "MODULE_ID_VOL_CTRL",
    "0x0700101C" : "MODULE_ID_LATENCY",
    "0x0700101D" : "MODULE_ID_VOICE_WAKEUP",
    "0x0700101E" : "MODULE_ID_AAC_ENC",
    "0x0700101F" : "MODULE_ID_AAC_DEC",
    "0x07001020" : "MODULE_ID_AUDIO_DAM_BUFFER",
    "0x07001021" : "MODULE_ID_TEST_MODULE",
    "0x07001022" : "MODULE_ID_FIR_FILTER",
    "0x07001023" : "MODULE_ID_CODEC_DMA_SINK",
    "0x07001024" : "MODULE_ID_CODEC_DMA_SOURCE",
    "0x07001025" : "MODULE_ID_GAIN_CUSTOM",
    "0x07001026" : "MODULE_ID_AAC_DEC_CUSTOM",
    "0x07001027" : "MODULE_ID_AAC_ENC_CUSTOM",
    "0x07001028" : "MODULE_ID_EC_SYNC",
    "0x07001029" : "MODULE_ID_SLIMBUS_SINK",
    "0x0700102A" : "MODULE_ID_SLIMBUS_SOURCE",
    "0x0700102B" : "MODULE_ID_ALAC_DEC",
    "0x0700102C" : "MODULE_ID_APE_DEC",
    "0x0700102D" : "MODULE_ID_FFECNS",
    "0x0700102E" : "MODULE_ID_FFNS",
    "0x0700102F" : "MODULE_ID_FLAC_DEC",
    "0x07001030" : "MODULE_ID_VORBIS_DEC",
    "0x07001031" : "MODULE_ID_SMECNS_V2",
    "0x07001032" : "MODULE_ID_SPR",
    "0x07001033" : "MODULE_ID_FLUENCE_EF",
    "0x07001034" : "MODULE_ID_FLUENCE_PRO_VC",
    "0x07001035" : "MODULE_ID_SAMPLE_SLIP",
    "0x07001036" : "MODULE_ID_WMASTD_DEC",
    "0x07001037" : "MODULE_ID_WMAPRO_DEC",
    "0x07001038" : "MODULE_ID_SYNC",
    "0x07001039" : "MODULE_ID_SBC_DEC",
    "0x0700103A" : "MODULE_ID_SBC_ENC",
    "0x0700103B" : "MODULE_ID_MP3_DEC",
    "0x0700103C" : "MODULE_ID_SMART_SYNC",
    "0x0700103D" : "MODULE_ID_FLUENCE_BS",
    "0x0700103E" : "MODULE_ID_FLUENCE_PRO_VR",
    "0x0700103F" : "MODULE_ID_SM_FLUENCE_SB",
    "0x07001040" : "MODULE_ID_MM_FLUENCE_SB",
    "0x07001041" : "MODULE_ID_RATE_ADAPTED_TIMER",
    "0x07001042" : "MODULE_ID_GATE",
    "0x07001043" : "MODULE_ID_EANS",
    "0x07001044" : "MODULE_ID_DTMF_DETECTOR",
    "0x07001045" : "MODULE_ID_POPLESS_EQUALIZER",
    "0x07001046" : "MODULE_ID_DTMF_GEN",
    "0x07001047" : "MODULE_ID_AMRNB_DEC",
    "0x07001048" : "MODULE_ID_IEC61937_PACKETIZER",
    "0x07001049" : "MODULE_ID_EVS_DEC",
    "0x0700104A" : "MODULE_ID_EVS_ENC",
    "0x0700104B" : "MODULE_ID_AMRNB_ENC",
    "0x0700104C" : "MODULE_ID_IEC61937_DEPACKETIZER",
    "0x0700104D" : "MODULE_ID_GAPLESS",
    "0x0700104E" : "MODULE_ID_MP2_DEC",
    "0x0700104F" : "MODULE_ID_USB_AUDIO_SINK",
    "0x07001050" : "MODULE_ID_USB_AUDIO_SOURCE",
    "0x07001051" : "MODULE_ID_COP_DEPACKETIZER_V1",
    "0x07001052" : "MODULE_ID_AVC_RX",
    "0x07001053" : "MODULE_ID_RVE_RX",
    "0x07001054" : "MODULE_ID_AVC_TX",
    "0x07001055" : "MODULE_ID_RVE_TX",
    "0x07001056" : "MODULE_ID_MAILBOX_TX",
    "0x07001057" : "MODULE_ID_MAILBOX_RX",
    "0x07001058" : "MODULE_ID_SHOEBOX",
    "0x07001059" : "MODULE_ID_REVERB",
    "0x0700105A" : "MODULE_ID_SAMPLE_SLIP_EC",
    "0x0700105B" : "MODULE_ID_CFCM",
    "0x0700105C" : "MODULE_ID_WR_SHARED_MEM_CLIENT",
    "0x0700105D" : "MODULE_ID_RD_SHARED_MEM_CLIENT",
    "0x0700105E" : "MODULE_ID_EVRC_DEC",
    "0x0700105F" : "MODULE_ID_EVRC_ENC",
    "0x07001060" : "MODULE_ID_G729AB_DEC",
    "0x07001061" : "MODULE_ID_G729AB_ENC",
    "0x07001062" : "MODULE_ID_BASS_BOOST",
    "0x07001063" : "MODULE_ID_AUDIOSPHERE",
    "0x07001064" : "MODULE_ID_VIRTUALIZER",
    "0x07001065" : "MODULE_ID_RT_PROXY_RX",
    "0x07001066" : "MODULE_ID_DRC",
    "0x07001067" : "MODULE_ID_PBE",
    "0x07001068" : "MODULE_ID_AIG",
    "0x07001069" : "MODULE_ID_DISPLAY_PORT_SINK",
    "0x0700106A" : "MODULE_ID_DATA_MARKER",
    "0x0700106B" : "MODULE_ID_RT_PROXY_TX",
    "0x0700106C" : "MODULE_ID_CNG",
    "0x0700106D" : "MODULE_ID_COP_PACKETIZER_V0",
    "0x0700106E" : "MODULE_ID_COP_PACKETIZER_V1",
    "0x0700106F" : "MODULE_ID_GAIN_MODULE",
    "0x07001070" : "MODULE_ID_VPECNS",
    "0x07001071" : "MODULE_ID_SLOW_TALK",
    "0x07001072" : "MODULE_ID_POP_SUPPRESSOR",
    "0x07001073" : "MODULE_ID_WIDE_VOICE",
    "0x07001074" : "MODULE_ID_1X_TTY",
    "0x07001075" : "MODULE_ID_HR_ENC",
    "0x07001076" : "MODULE_ID_FR_DEC",
    "0x07001077" : "MODULE_ID_FR_ENC",
    "0x07001078" : "MODULE_ID_AMRWB_DEC",
    "0x07001079" : "MODULE_ID_AMRWB_ENC",
    "0x0700107A" : "MODULE_ID_LDAC_ENC",
    "0x0700107B" : "MODULE_ID_CUSTOM_MODULE1",
    "0x0700107C" : "MODULE_ID_CUSTOM_MODULE2",
    "0x0700107D" : "MODULE_ID_APTX_0x0x700107d",
    "0x0700107E" : "MODULE_ID_APTX_0x0x700107e",
    "0x0700107F" : "MODULE_ID_APTX_0x0x700107f",
    "0x07001080" : "MODULE_ID_APTX_0x0x7001080",
    "0x07001081" : "MODULE_ID_APTX_0x0x7001081",
    "0x07001082" : "MODULE_ID_APTX_0x0x7001082",
    "0x07001083" : "MODULE_ID_APTX_0x0x7001083",
    "0x07001084" : "MODULE_ID_APTX_0x0x7001084",
    "0x07001085" : "MODULE_ID_APTX_0x0x7001085",
    "0x07001086" : "MODULE_ID_APTX_0x0x7001086",
    "0x07001087" : "MODULE_ID_TRM",
    "0x07001088" : "MODULE_ID_CTM_RX",
    "0x07001089" : "MODULE_ID_CTM_TX",
    "0x0700108A" : "MODULE_ID_V13K_DEC",
    "0x0700108B" : "MODULE_ID_V13K_ENC",
    "0x0700108C" : "MODULE_ID_EFR_DEC",
    "0x0700108D" : "MODULE_ID_EFR_ENC",
    "0x0700108E" : "MODULE_ID_HR_DEC",
    "0x0700108F" : "MODULE_ID_MIC2AMB",
    "0x07001090" : "MODULE_ID_CELT_ENC",
    "0x07001091" : "MODULE_ID_FOURGV_DEC",
    "0x07001092" : "MODULE_ID_FOURGV_ENC",
    "0x07001093" : "MODULE_ID_G711_DEC",
    "0x07001094" : "MODULE_ID_G711_ENC",
    "0x07001095" : "MODULE_ID_LTETTY_TX",
    "0x07001096" : "MODULE_ID_LTETTY_RX",
    "0x07001097" : "MODULE_ID_PEAK_METER",
    "0x07001098" : "MODULE_ID_MUX_DEMUX",
    "0x07001099" : "MODULE_ID_CUSTOM_UPSAMPLER",
    "0x0700109A" : "MODULE_ID_ECNS",
    "0x0700109B" : "MODULE_ID_EXAMPLE_ENC",
    "0x0700109C" : "MODULE_ID_DETECTION_ENGINE",
    "0x0700109D" : "MODULE_ID_SPEAKER_PROTECTION",
    "0x0700109E" : "MODULE_ID_SPEAKER_PROTECTION_VI",
    "0x0700109F" : "MODULE_ID_SDD",
    "0x070010A0" : "MODULE_ID_SPEAKER_PROTECTION_V3_RX",
    "0x070010A1" : "MODULE_ID_SPEAKER_PROTECTION_V3_TH_VI",
    "0x070010A2" : "MODULE_ID_SPEAKER_PROTECTION_V3_EX_VI",
    "0x070010A3" : "MODULE_ID_FLUENCE_NN",
    "0x070010A4" : "MODULE_ID_FLUENCE_MMSB_AUTO",
    "0x070010A5" : "MODULE_ID_VOICEUI_AUTO",
    "0x070010A6" : "MODULE_ID_DECIMATE",
    "0x070010A7" : "MODULE_ID_PASSTHRU",
    "0x070010A8" : "MODULE_ID_SP_RX",
    "0x070010A9" : "MODULE_ID_SP_TX",
    "0x070010AA" : "MODULE_ID_MULTI_PORT_EXAMPLE",
    "0x070010AB" : "MODULE_ID_FLUENCE_SMSB_AUTO",
    "0x070010AC" : "MODULE_ID_ICC",
    "0x070010AD" : "MODULE_ID_FLUENCE_AINS_AUTO",
    "0x070010AE" : "MODULE_ID_DETECTION_ENGINE_STAGE2",
    "0x070010AF" : "MODULE_ID_STAGE1_SVA5",
    "0x070010B0" : "MODULE_ID_COP_V2_PACKETIZER",
    "0x070010B1" : "MODULE_ID_AUTOMOTIVE_0x0x70010b1",
    "0x070010B2" : "MODULE_ID_AUTOMOTIVE_0x0x70010b2",
    "0x070010B3" : "MODULE_ID_AUTOMOTIVE_0x0x70010b3",
    "0x070010B4" : "MODULE_ID_AUTOMOTIVE_0x0x70010b4",
    "0x070010B5" : "MODULE_ID_AUTOMOTIVE_0x0x70010b5",
    "0x070010B6" : "MODULE_ID_AUTOMOTIVE_0x0x70010b6",
    "0x070010B7" : "MODULE_ID_AUTOMOTIVE_0x0x70010b7",
    "0x070010B8" : "MODULE_ID_AUTOMOTIVE_0x0x70010b8",
    "0x070010B9" : "MODULE_ID_AUTOMOTIVE_0x0x70010b9",
    "0x070010BA" : "MODULE_ID_AUTOMOTIVE_0x0x70010ba",
    "0x070010BB" : "MODULE_ID_AUTOMOTIVE_0x0x70010bb",
    "0x070010BC" : "MODULE_ID_AUTOMOTIVE_0x0x70010bc",
    "0x070010BD" : "MODULE_ID_AUTOMOTIVE_0x0x70010bd",
    "0x070010BE" : "MODULE_ID_AUTOMOTIVE_0x0x70010be",
    "0x070010BF" : "MODULE_ID_AUTOMOTIVE_0x0x70010bf",
    "0x070010C0" : "MODULE_ID_AUTOMOTIVE_0x0x70010c0",
    "0x070010C1" : "MODULE_ID_COP_V2_DEPACKETIZER",
    "0x070010C2" : "MODULE_ID_BLE_0x0x70010c2",
    "0x070010C3" : "MODULE_ID_BLE_0x0x70010c3",
    "0x070010C4" : "MODULE_ID_BLE_0x0x70010c4",
    "0x070010C5" : "MODULE_ID_BLE_0x0x70010c5",
    "0x070010C6" : "MODULE_ID_BLE_0x0x70010c6",
    "0x070010C7" : "MODULE_ID_BLE_0x0x70010c7",
    "0x070010C8" : "MODULE_ID_BLE_0x0x70010c8",
    "0x070010C9" : "MODULE_ID_BLE_0x0x70010c9",
    "0x070010CA" : "MODULE_ID_BLE_0x0x70010ca",
    "0x070010CB" : "MODULE_ID_BLE_0x0x70010cb",
    "0x070010CC" : "MODULE_ID_ACD",
    "0x070010CD" : "MODULE_ID_AUDIOSS_DMA_SINK",
    "0x070010CE" : "MODULE_ID_AUDIOSS_DMA_SOURCE",
    "0x070010CF" : "MODULE_ID_AUDIOSS_AOV",
    "0x070010D0" : "MODULE_ID_SH_MEM_PUSH_LAB",
    "0x070010D1" : "MODULE_ID_GAIN_CPP",
    "0x070010D2" : "MODULE_ID_STAGE1_PDK",
    "0x070010D3" : "MODULE_ID_EXAMPLE_BT_ENC",
    "0x070010D4" : "MODULE_ID_EXAMPLE_BT_DEC",
    "0x070010D5" : "MODULE_ID_SNS_READ_EP",
    "0x070010D6" : "MODULE_ID_EXAMPLE_US_GEN",
    "0x070010D7" : "MODULE_ID_EXAMPLE_US_DETECT",
    "0x08001000" : "APM_PARAM_ID_CONTAINER_CONFIG",
    "0x08001001" : "APM_PARAM_ID_SUB_GRAPH_CONFIG",
    "0x08001002" : "APM_PARAM_ID_MODULES_LIST",
    "0x08001003" : "APM_PARAM_ID_MODULE_PROP",
    "0x08001004" : "APM_PARAM_ID_MODULE_CONN",
    "0x08001005" : "APM_PARAM_ID_SUB_GRAPH_LIST",
    "0x08001006" : "PARAM_ID_GAIN",
    "0x08001007" : "PARAM_ID_RD_SH_MEM_CFG",
    "0x08001008" : "PARAM_ID_PCM_OUTPUT_FORMAT_CFG",
    "0x08001009" : "PARAM_ID_ENCODER_OUTPUT_CONFIG",
    "0x0800100A" : "PARAM_ID_SH_MEM_PULL_PUSH_MODE_CFG",
    "0x0800100B" : "PARAM_ID_REAL_MODULE_ID",
    "0x0800100C" : "PARAM_ID_MEDIA_FORMAT",
    "0x0800100D" : "PARAM_ID_TEST_THRESHOLD_CFG",
    "0x0800100E" : "APM_SUB_GRAPH_PROP_ID_PERF_MODE",
    "0x0800100F" : "APM_SUB_GRAPH_PROP_ID_DIRECTION",
    "0x08001010" : "APM_SUB_GRAPH_PROP_ID_SCENARIO_ID",
    "0x08001011" : "APM_CONTAINER_PROP_ID_CONTAINER_TYPE",
    "0x08001012" : "APM_CONTAINER_PROP_ID_GRAPH_POS",
    "0x08001013" : "APM_CONTAINER_PROP_ID_STACK_SIZE",
    "0x08001014" : "APM_CONTAINER_PROP_ID_PROC_DOMAIN",
    "0x08001015" : "APM_MODULE_PROP_ID_PORT_INFO",
    "0x08001016" : "PARAM_ID_SAL_OUTPUT_CFG",
    "0x08001017" : "PARAM_ID_HW_EP_MF_CFG",
    "0x08001018" : "PARAM_ID_HW_EP_FRAME_SIZE_FACTOR",
    "0x08001019" : "PARAM_ID_I2S_INTF_CFG",
    "0x0800101A" : "PARAM_ID_HW_PCM_INTF_CFG",
    "0x0800101B" : "PARAM_ID_TDM_INTF_CFG",
    "0x0800101C" : "EVENT_ID_SH_MEM_PULL_PUSH_MODE_WATERMARK",
    "0x0800101D" : "PARAM_ID_TEST_SET_TTR_DELAY",
    "0x0800101E" : "PARAM_ID_SAL_LIMITER_ENABLE",
    "0x0800101F" : "PARAM_ID_CHMIXER_COEFF",
    "0x08001020" : "PARAM_ID_MSIIR_TUNING_FILTER_ENABLE",
    "0x08001021" : "PARAM_ID_MSIIR_TUNING_FILTER_PREGAIN",
    "0x08001022" : "PARAM_ID_MSIIR_TUNING_FILTER_CONFIG_PARAMS",
    "0x08001023" : "PARAM_ID_FFV_BF_COEF",
    "0x08001024" : "PARAM_ID_MFC_OUTPUT_MEDIA_FORMAT",
    "0x08001025" : "PARAM_ID_DYNAMIC_RESAMPLER_CONFIG",
    "0x08001026" : "PARAM_ID_MODULE_ENABLE",
    "0x08001027" : "PARAM_ID_SMART_SYNC_VOICE_PROC_INFO",
    "0x08001028" : "PARAM_ID_IIR_MBDRC_CONFIG_PARAMS",
    "0x08001029" : "PARAM_ID_IIR_MBDRC_FILTER_XOVER_FREQS",
    "0x0800102A" : "PARAM_ID_WIDE_VOICE",
    "0x0800102B" : "PARAM_ID_RSC_LPASS_CORE",
    "0x0800102C" : "PARAM_ID_RSC_AUDIO_HW_CLK",
    "0x0800102D" : "PARAM_ID_SOFT_PAUSE_RAMP_PARAMETERS",
    "0x0800102E" : "PARAM_ID_SOFT_PAUSE_START",
    "0x0800102F" : "PARAM_ID_SOFT_PAUSE_RESUME",
    "0x08001030" : "PARAM_ID_SOFT_PAUSE_RESUME_THRESHOLD",
    "0x08001031" : "PARAM_ID_DATA_LOGGING_CONFIG",
    "0x08001032" : "PARAM_ID_RSC_HW_CORE",
    "0x08001033" : "PARAM_ID_IIR_RESAMPLER_OUT_CFG",
    "0x08001034" : "PARAM_ID_DYNAMIC_RESAMPLER_OUT_CFG",
    "0x08001035" : "PARAM_ID_VOL_CTRL_MASTER_GAIN",
    "0x08001036" : "PARAM_ID_VOL_CTRL_MASTER_MUTE",
    "0x08001037" : "PARAM_ID_VOL_CTRL_GAIN_RAMP_PARAMETERS",
    "0x08001038" : "PARAM_ID_VOL_CTRL_MULTICHANNEL_GAIN",
    "0x08001039" : "PARAM_ID_VOL_CTRL_MULTICHANNEL_MUTE",
    "0x0800103A" : "PARAM_ID_ALGORITHMIC_HEADROOM",
    "0x0800103B" : "PARAM_ID_CHMIXER_OUT_CH_CFG",
    "0x0800103C" : "PARAM_ID_SPLITTER_METADATA_PROP_CFG",
    "0x0800103D" : "PARAM_ID_VOL_CTRL_MUTE_RAMP_PARAMETERS",
    "0x0800103E" : "PARAM_ID_SOFT_PAUSE_DOWNSTREAM_DELAY",
    "0x0800103F" : "EVENT_ID_SOFT_PAUSE_PAUSE_COMPLETE",
    "0x08001040" : "PARAM_ID_SWMAD_ENABLE",
    "0x08001041" : "PARAM_ID_SWMAD_CFG",
    "0x08001042" : "PARAM_ID_SWMAD_MODEL",
    "0x08001043" : "EVENT_ID_SOFT_PAUSE_RESUME_COMPLETE",
    "0x08001044" : "PARAM_ID_DETECTION_ENGINE_BUFFERING_CONFIG",
    "0x08001045" : "PARAM_ID_SVA_DYNAMIC_THRESHOLD",
    "0x08001046" : "PARAM_ID_SVA_MULTICHANNEL_DETECTION_THRESHOLD",
    "0x08001047" : "PARAM_ID_SAL_LIMITER_STATIC_CFG",
    "0x08001048" : "PARAM_ID_ENDPOINT_DETECT_THRESHOLD",
    "0x08001049" : "PARAM_ID_DETECTION_ENGINE_CONFIG",
    "0x0800104A" : "PARAM_ID_FFV_BF",
    "0x0800104B" : "PARAM_ID_DETECTION_GAIN",
    "0x0800104C" : "PARAM_ID_DETECTION_ENGINE_SOUND_MODEL",
    "0x0800104D" : "PARAM_ID_MFC_RESAMPLER_CFG",
    "0x0800104E" : "PARAM_ID_DETECTION_ENGINE_GENERIC_EVENT_CFG",
    "0x0800104F" : "EVENT_ID_DETECTION_ENGINE_GENERIC_INFO",
    "0x08001050" : "PARAM_ID_LIMITER_CFG",
    "0x08001051" : "PARAM_ID_DETECTION_ENGINE_RESET",
    "0x08001052" : "PARAM_ID_ENC_BITRATE",
    "0x08001053" : "PARAM_ID_ENC_FRAME_SIZE_CONTROL",
    "0x08001054" : "PARAM_ID_AAC_SBR_PS_FLAG",
    "0x08001055" : "PARAM_ID_AAC_DUAL_MONO_MAPPING",
    "0x08001056" : "PARAM_ID_AAC_SBR_SIGNALLING",
    "0x08001057" : "PARAM_ID_AAC_STEREO_MIX_COEFF_SELECTION_FLAG",
    "0x08001058" : "PARAM_ID_AUDIO_DAM_INPUT_PORTS_CFG",
    "0x08001059" : "PARAM_ID_AUDIO_DAM_OUTPUT_PORTS_CFG",
    "0x0800105A" : "PARAM_ID_AUDIO_DAM_DOWNSTREAM_SETUP_DURATION",
    "0x0800105B" : "PARAM_ID_AUDIO_DAM_CTRL_TO_DATA_PORT_MAP",
    "0x0800105C" : "PARAM_ID_AUDIO_DAM_RESIZE",
    "0x0800105D" : "PARAM_ID_AUDIO_DAM_UNREAD_DATA_LENGTH",
    "0x0800105E" : "PARAM_ID_AUDIO_DAM_DATA_FLOW_CTRL",
    "0x0800105F" : "PARAM_ID_FIR_FILTER_MAX_TAP_LENGTH",
    "0x08001060" : "PARAM_ID_VOICE_WAKEUP_OUTPUT_CH_MAP",
    "0x08001061" : "APM_PARAM_ID_MODULE_CTRL_LINK_CFG",
    "0x08001062" : "APM_MODULE_PROP_ID_CTRL_LINK_INTENT_LIST",
    "0x08001063" : "PARAM_ID_CODEC_DMA_INTF_CFG",
    "0x08001064" : "INTENT_ID_AUDIO_DAM_DETECTION_ENGINE_CTRL",
    "0x08001065" : "PARAM_ID_BEST_CH_ENABLE",
    "0x08001066" : "PARAM_ID_VOICE_WAKEUP_INPUT_CH_MAP",
    "0x08001067" : "PARAM_ID_AUDIO_DAM_OUTPUT_CH_CFG",
    "0x08001068" : "PARAM_ID_SLIMBUS_CONFIG",
    "0x08001069" : "PARAM_ID_FFECNS_GLOBAL",
    "0x0800106A" : "PARAM_ID_TDM_LANE_CFG",
    "0x0800106B" : "PARAM_ID_FFECNS_DELAY",
    "0x0800106C" : "PARAM_ID_FFV_OUT_CONFIG",
    "0x0800106D" : "PARAM_ID_TEST_BUSY_WAIT_CFG",
    "0x0800106E" : "PARAM_ID_FLUENCE_EF_LEC",
    "0x0800106F" : "PARAM_ID_FLUENCE_EF_NS",
    "0x08001070" : "PARAM_ID_FLUENCE_EF_NS_2",
    "0x08001071" : "PARAM_ID_FLUENCE_EF_SPF",
    "0x08001072" : "PARAM_ID_FLUENCE_EF_NS_MONITOR",
    "0x08001073" : "PARAM_ID_FLUENCE_EF_NS_2_MONITOR",
    "0x08001074" : "PARAM_ID_FLUENCE_EF_NS_3_MONITOR",
    "0x08001075" : "PARAM_ID_FLUENCE_EF_SPF_MONITOR",
    "0x08001076" : "PARAM_ID_FLUENCE_PRO_VC_GLOBAL",
    "0x08001077" : "PARAM_ID_FLUENCE_PRO_VC_LEC",
    "0x08001078" : "PARAM_ID_FLUENCE_PRO_VC_NS",
    "0x08001079" : "PARAM_ID_FLUENCE_PRO_VC_NS_2",
    "0x0800107A" : "PARAM_ID_FLUENCE_PRO_VC_NS_MONITOR",
    "0x0800107B" : "PARAM_ID_FLUENCE_PRO_VC_NS_2_MONITOR",
    "0x0800107C" : "PARAM_ID_SMECNS_V2_GLOBAL",
    "0x0800107D" : "PARAM_ID_SMECNS_V2_LEC",
    "0x0800107E" : "PARAM_ID_SMECNS_V2_ECPP",
    "0x0800107F" : "PARAM_ID_SMECNS_V2_NS",
    "0x08001080" : "PARAM_ID_SMECNS_V2_NS_MONITOR",
    "0x08001081" : "PARAM_ID_SMECNS_V2_LEC_MONITOR",
    "0x08001082" : "PARAM_ID_SMECNS_V2_EC_PP_MONITOR",
    "0x08001083" : "PARAM_ID_SMECNS_V2_NS_2",
    "0x08001084" : "PARAM_ID_SMECNS_V2_NS_2_MONITOR",
    "0x08001085" : "PARAM_ID_HW_EP_MODULE_INSTANCE_INFO",
    "0x08001086" : "PARAM_ID_FLUENCE_SEC_CMN_ECPP",
    "0x08001087" : "PARAM_ID_FFV_SB_AEC",
    "0x08001088" : "PARAM_ID_FFV_HPF",
    "0x08001089" : "INTENT_ID_MODULE_INSTANCE_INFO",
    "0x0800108A" : "PARAM_ID_HW_EP_SRC_CHANNEL_MAP",
    "0x0800108B" : "PARAM_ID_IRM_SYSTEM_CAPABILITIES",
    "0x0800108C" : "PARAM_ID_FFV_DOA",
    "0x0800108D" : "PARAM_ID_FLUENCE_CMN_EC_PP_MONITOR",
    "0x0800108E" : "PARAM_ID_FFV_SPF_MONITOR",
    "0x0800108F" : "PARAM_ID_SEC_CALIBRATION_MODE",
    "0x08001090" : "PARAM_ID_SEC_CAL_MODE_AF_COEFFS_MIC0",
    "0x08001091" : "PARAM_ID_SEC_CAL_MODE_AF_COEFFS_MIC1",
    "0x08001092" : "PARAM_ID_SEC_CAL_MODE_AF_COEFFS_MIC2",
    "0x08001093" : "PARAM_ID_SEC_CAL_MODE_AF_COEFFS_MIC3",
    "0x08001094" : "PARAM_ID_SEC_CAL_MODE_AF_COEFFS_MIC4",
    "0x08001095" : "PARAM_ID_SEC_CAL_MODE_AF_COEFFS_MIC5",
    "0x08001096" : "PARAM_ID_SEC_CAL_MODE_AF_COEFFS_MIC6",
    "0x08001097" : "PARAM_ID_SEC_CAL_MODE_AF_COEFFS_MIC7",
    "0x08001098" : "PARAM_ID_SEC_AF_COEFFS_MONITOR_MIC0",
    "0x08001099" : "PARAM_ID_SEC_AF_COEFFS_MONITOR_MIC1",
    "0x0800109A" : "PARAM_ID_SEC_AF_COEFFS_MONITOR_MIC2",
    "0x0800109B" : "PARAM_ID_SEC_AF_COEFFS_MONITOR_MIC3",
    "0x0800109C" : "PARAM_ID_SEC_AF_COEFFS_MONITOR_MIC4",
    "0x0800109D" : "PARAM_ID_SEC_AF_COEFFS_MONITOR_MIC5",
    "0x0800109E" : "PARAM_ID_SEC_AF_COEFFS_MONITOR_MIC6",
    "0x0800109F" : "PARAM_ID_SEC_AF_COEFFS_MONITOR_MIC7",
    "0x080010A0" : "PARAM_ID_SEC_FREQS_TO_MONITOR_AF_COEFF",
    "0x080010A1" : "PARAM_ID_FFV_VERSION",
    "0x080010A2" : "PARAM_ID_FFV_SPF_FREEZE",
    "0x080010A3" : "PARAM_ID_FFV_DOA_TRACKING",
    "0x080010A4" : "PARAM_ID_FFV_DOA_TRACKING_MONITOR",
    "0x080010A5" : "VCPM_PARAM_ID_TIMING_REFERENCES",
    "0x080010A6" : "PARAM_ID_RTM_LOGGING_ENABLE",
    "0x080010A7" : "PARAM_ID_RTM_PCM_LOGGING",
    "0x080010A8" : "PARAM_ID_FLUENCE_CMN_DELAY",
    "0x080010A9" : "PARAM_ID_FLUENCE_CMN_HW_AF",
    "0x080010AA" : "PARAM_ID_FLUENCE_CMN_FLEC",
    "0x080010AB" : "PARAM_ID_FLUENCE_CMN_MUTE_DET",
    "0x080010AC" : "PARAM_ID_FLUENCE_CMN_ASLN",
    "0x080010AD" : "PARAM_ID_FLUENCE_CMN_MUTE_DET_MONITOR",
    "0x080010AE" : "PARAM_ID_FLUENCE_CMN_FLEC_MONITOR",
    "0x080010AF" : "PARAM_ID_FLUENCE_CMN_LEC_MONITOR",
    "0x080010B0" : "PARAM_ID_FLUENCE_CMN_LEC_AF_COEFF_MONITOR",
    "0x080010B1" : "PARAM_ID_FLUENCE_CMN_ASLN_MONITOR",
    "0x080010B2" : "PARAM_ID_FLUENCE_CMN_VERSION",
    "0x080010B3" : "PARAM_ID_FLUENCE_CMN_ECPP",
    "0x080010B4" : "PARAM_ID_FLUENCE_CMN_ECPP_2",
    "0x080010B5" : "PARAM_ID_FFECNS_EC_MONITOR",
    "0x080010B6" : "PARAM_ID_FFECNS_HW_AF",
    "0x080010B7" : "PARAM_ID_FFECNS_SURROUND_EC_CAL",
    "0x080010B8" : "PARAM_ID_FFECNS_SB_ROOM_RESP",
    "0x080010B9" : "PARAM_ID_FLUENCE_EF_GLOBAL",
    "0x080010BA" : "INTENT_ID_FFECNS_SVA_FREEZE",
    "0x080010BB" : "PARAM_ID_FLUENCE_CMN_GLOBAL_EFFECT",
    "0x080010BC" : "PARAM_ID_IRM_METRIC_CAPABILITIES",
    "0x080010BD" : "CNTR_PARAM_ID_PROC_DURATION",
    "0x080010BE" : "PARAM_ID_FLUENCE_SOUNDFOCUS",
    "0x080010BF" : "PARAM_ID_FLUENCE_SOURCETRACKING",
    "0x080010C0" : "PARAM_ID_WR_EP_CLIENT_CFG",
    "0x080010C1" : "PARAM_ID_MIC2AMB_CONFIG",
    "0x080010C2" : "INTENT_ID_TIMER_DRIFT_INFO",
    "0x080010C3" : "IMCL_PARAM_ID_TIMER_DRIFT_INFO",
    "0x080010C4" : "PARAM_ID_SPR_DELAY_PATH_END",
    "0x080010C5" : "PARAM_ID_FLUENCE_BS_GLOBAL",
    "0x080010C6" : "PARAM_ID_FLUENCE_BS_LEC",
    "0x080010C7" : "PARAM_ID_FLUENCE_BS_NS",
    "0x080010C8" : "PARAM_ID_FLUENCE_BS_NS_2",
    "0x080010C9" : "PARAM_ID_FLUENCE_BS_NS_MONITOR",
    "0x080010CA" : "PARAM_ID_FLUENCE_BS_NS_2_MONITOR",
    "0x080010CB" : "APM_CONTAINER_PROP_ID_PARENT_CONTAINER_ID",
    "0x080010CC" : "APM_SUB_GRAPH_PROP_ID_VSID",
    "0x080010CD" : "PARAM_ID_RSC_LOW_PWR_MEM",
    "0x080010CE" : "PARAM_ID_RSC_DMA_READ_CHANNEL",
    "0x080010CF" : "PARAM_ID_RSC_DMA_WRITE_CHANNEL",
    "0x080010D0" : "PARAM_ID_RAT_MEDIA_FORMAT",
    "0x080010D1" : "PARAM_ID_EANS_PARAMS",
    "0x080010D2" : "PARAM_ID_EAMR_DEC_BEAMR_ENABLE",
    "0x080010D3" : "INTENT_ID_BT_DEADLINE_TIME",
    "0x080010D4" : "IMCL_PARAM_ID_BT_DEADLINE_TIME",
    "0x080010D5" : "PARAM_ID_FFNS_GLOBAL",
    "0x080010D6" : "PARAM_ID_USB_AUDIO_INTF_CFG",
    "0x080010D7" : "INTENT_ID_BT_ENCODER_FEEDBACK",
    "0x080010D8" : "CNTR_PARAM_ID_VOICE_SESSION_INFO",
    "0x080010D9" : "PARAM_ID_RVE_RX",
    "0x080010DA" : "PARAM_ID_RVE_TX",
    "0x080010DB" : "INTENT_ID_AVC",
    "0x080010DC" : "PARAM_ID_AVC_GAIN",
    "0x080010DD" : "INTENT_ID_RVE",
    "0x080010DE" : "PARAM_ID_RVE_NOISE_EST",
    "0x080010DF" : "PARAM_ID_MAILBOX_CFG",
    "0x080010E0" : "CNTR_PARAM_ID_CONTAINER_PROC_PARAMS_INFO",
    "0x080010E1" : "PARAM_ID_SM_FLUENCE_SB_DELAY",
    "0x080010E2" : "PARAM_ID_SM_FLUENCE_SB_HW_AF",
    "0x080010E3" : "PARAM_ID_SM_FLUENCE_SB_EC_MONITOR",
    "0x080010E4" : "PARAM_ID_SM_FLUENCE_SB_NS",
    "0x080010E5" : "PARAM_ID_SM_FLUENCE_SB_NS_MONITOR",
    "0x080010E6" : "PARAM_ID_SM_FLUENCE_SB_NS_2_MONITOR",
    "0x080010E7" : "PARAM_ID_MM_FLUENCE_SB_GLOBAL",
    "0x080010E8" : "PARAM_ID_MM_FLUENCE_SB_DELAY",
    "0x080010E9" : "PARAM_ID_MM_FLUENCE_SB_HW_AF",
    "0x080010EA" : "PARAM_ID_MM_FLUENCE_SB_EC_MONITOR",
    "0x080010EB" : "PARAM_ID_MM_FLUENCE_SB_NS",
    "0x080010EC" : "PARAM_ID_MM_FLUENCE_SB_SPF",
    "0x080010ED" : "PARAM_ID_MM_FLUENCE_SB_NS_MONITOR",
    "0x080010EE" : "PARAM_ID_MM_FLUENCE_SB_ABF_NREF",
    "0x080010EF" : "PARAM_ID_MM_FLUENCE_SB_ABF_SREF",
    "0x080010F0" : "PARAM_ID_MM_FLUENCE_SB_SPF_MONITOR",
    "0x080010F1" : "PARAM_ID_MM_FLUENCE_SB_NS_2_MONITOR",
    "0x080010F2" : "PARAM_ID_AVC_TX",
    "0x080010F3" : "INTENT_ID_DRC_CONFIG",
    "0x080010F4" : "PARAM_ID_IMCL_DRC_DOWN_COMP_THRESHOLD",
    "0x080010F5" : "INTENT_ID_GAIN_INFO",
    "0x080010F6" : "PARAM_ID_IMCL_TARGET_GAIN",
    "0x080010F7" : "PARAM_ID_TEST_ALGO_DELAY_CFG",
    "0x080010F8" : "PARAM_ID_TEST_TIMESTAMP_OFFSET",
    "0x080010F9" : "PARAM_ID_CFCM_CONFIG_FILTERBANK",
    "0x080010FA" : "PARAM_ID_CFCM_CONFIG_PARAMS",
    "0x080010FB" : "PARAM_ID_SHOEBOX_DECAY_TIME_ADJUST",
    "0x080010FC" : "PARAM_ID_SHOEBOX_BRIGHTNESS_ADJUST",
    "0x080010FD" : "PARAM_ID_REVERB_MODE",
    "0x080010FE" : "PARAM_ID_REVERB_PRESET",
    "0x080010FF" : "PARAM_ID_REVERB_WET_MIX",
    "0x08001100" : "PARAM_ID_REVERB_GAIN_ADJUST",
    "0x08001101" : "PARAM_ID_REVERB_ROOM_LEVEL",
    "0x08001102" : "PARAM_ID_REVERB_ROOM_HF_LEVEL",
    "0x08001103" : "PARAM_ID_REVERB_DECAY_TIME",
    "0x08001104" : "PARAM_ID_REVERB_DECAY_HF_RATIO",
    "0x08001105" : "PARAM_ID_REVERB_REFLECTIONS_LEVEL",
    "0x08001106" : "PARAM_ID_REVERB_REFLECTIONS_DELAY",
    "0x08001107" : "PARAM_ID_REVERB_LEVEL",
    "0x08001108" : "PARAM_ID_REVERB_DELAY",
    "0x08001109" : "PARAM_ID_REVERB_DIFFUSION",
    "0x0800110A" : "PARAM_ID_REVERB_DENSITY",
    "0x0800110B" : "PARAM_ID_DTMF_DETECTION",
    "0x0800110C" : "PARAM_ID_EQ_CONFIG",
    "0x0800110D" : "PARAM_ID_EQ_NUM_BANDS",
    "0x0800110E" : "PARAM_ID_EQ_BAND_LEVELS",
    "0x0800110F" : "PARAM_ID_EQ_BAND_LEVEL_RANGE",
    "0x08001110" : "PARAM_ID_EQ_BAND_FREQS",
    "0x08001111" : "PARAM_ID_EQ_SINGLE_BAND_FREQ_RANGE",
    "0x08001112" : "PARAM_ID_EQ_SINGLE_BAND_FREQ",
    "0x08001113" : "PARAM_ID_EQ_BAND_INDEX",
    "0x08001114" : "PARAM_ID_EQ_PRESET_ID",
    "0x08001115" : "PARAM_ID_EQ_NUM_PRESETS",
    "0x08001116" : "PARAM_ID_EQ_PRESET_NAME",
    "0x08001117" : "PARAM_ID_P_EQ_VOL_HEADROOM",
    "0x08001118" : "INTENT_ID_P_EQ_VOL_HEADROOM",
    "0x08001119" : "APM_PARAM_ID_PATH_DELAY",
    "0x0800111A" : "PARAM_ID_FIR_FILTER_CONFIG",
    "0x0800111B" : "CNTR_PARAM_ID_PATH_DELAY_CFG",
    "0x0800111C" : "TEST_SEND_DUMMY_DETECTION_EVT",
    "0x0800111D" : "PARAM_ID_SHOEBOX_WET_MIX",
    "0x0800111E" : "PARAM_ID_SHOEBOX_ROOM_SIZE",
    "0x0800111F" : "PARAM_ID_SHOEBOX_ROOM_MATERIAL",
    "0x08001120" : "PARAM_ID_SHOEBOX_GAIN",
    "0x08001121" : "PARAM_ID_DTMF_GEN_TONE_CFG",
    "0x08001122" : "CNTR_EVENT_ID_CONTAINER_PERF_PARAMS_UPDATE",
    "0x08001123" : "PARAM_ID_VOCODER_ENABLE_DTX_MODE",
    "0x08001124" : "PARAM_ID_VOCODER_MINMAX_RATE",
    "0x08001125" : "PARAM_ID_VOCODER_RATE_MODULATION",
    "0x08001126" : "EVENT_ID_EARLY_EOS",
    "0x08001127" : "PARAM_ID_TTY_MODE",
    "0x08001128" : "PARAM_ID_VOCODER_RESET",
    "0x08001129" : "EVENT_ID_TH_VI_V_VALI_PARAMS",
    "0x0800112A" : "CNTR_PARAM_ID_CFG_SRC_MOD_DELAY_LIST",
    "0x0800112B" : "CNTR_PARAM_ID_DESTROY_SRC_MOD_DELAY_LIST",
    "0x0800112C" : "PARAM_ID_BASS_BOOST_MODE",
    "0x0800112D" : "PARAM_ID_BASS_BOOST_STRENGTH",
    "0x0800112E" : "PARAM_ID_AUDIOSPHERE_STRENGTH",
    "0x0800112F" : "PARAM_ID_AUDIOSPHERE_CONFIG_MODE",
    "0x08001130" : "PARAM_ID_AUDIOSPHERE_OUT_CH_CFG",
    "0x08001131" : "PARAM_ID_AUDIOSPHERE_FILT_COEFFS_STEREO_INPUT",
    "0x08001132" : "PARAM_ID_AUDIOSPHERE_FILT_COEFFS_MULTICHANNEL_INPUT",
    "0x08001133" : "PARAM_ID_AUDIOSPHERE_FILTER_DESIGN_STEREO_INPUT",
    "0x08001134" : "PARAM_ID_AUDIOSPHERE_FILTER_DESIGN_MULTICHANNEL_INPUT",
    "0x08001135" : "PARAM_ID_AUDIOSPHERE_OPERATING_INPUT_MEDIA_INFO",
    "0x08001136" : "PARAM_ID_VIRTUALIZER_STRENGTH",
    "0x08001137" : "PARAM_ID_VIRTUALIZER_OUT_TYPE",
    "0x08001138" : "PARAM_ID_VIRTUALIZER_GAIN_ADJUST",
    "0x08001139" : "PARAM_ID_VIRTUALIZER_OUT_CH_CFG",
    "0x0800113A" : "PARAM_ID_SPR_CTRL_TO_DATA_PORT_MAP",
    "0x0800113B" : "EVENT_ID_DTMF_DETECTION",
    "0x0800113C" : "PARAM_ID_HW_INTF_CLK_CFG",
    "0x0800113D" : "PARAM_ID_SPR_SESSION_TIME",
    "0x0800113E" : "PARAM_ID_DRC_CONFIG",
    "0x0800113F" : "PARAM_ID_EVS_ENC_MODE",
    "0x08001140" : "PARAM_ID_FLUENCE_PRO_VR_GLOBAL",
    "0x08001141" : "PARAM_ID_FLUENCE_PRO_VR_LEC",
    "0x08001142" : "PARAM_ID_FLUENCE_PRO_VR_NS",
    "0x08001143" : "PARAM_ID_FLUENCE_PRO_VR_NS_2",
    "0x08001144" : "PARAM_ID_FLUENCE_PRO_VR_STEERING_VECTOR",
    "0x08001145" : "PARAM_ID_FLUENCE_PRO_VR_NS_MONITOR",
    "0x08001146" : "PARAM_ID_FLUENCE_PRO_VR_NS_2_MONITOR",
    "0x08001147" : "PARAM_ID_TEST_DTMF_GEN_MD_CFG",
    "0x08001148" : "INTENT_ID_PACKETIZER_V1_FEEDBACK",
    "0x08001149" : "IMCL_PARAM_ID_PACKETIZER_V1_FEEDBACK",
    "0x0800114A" : "PARAM_ID_EVS_ENC_CHANNEL_AWARE_MODE",
    "0x0800114B" : "PARAM_ID_REMOVE_INITIAL_SILENCE",
    "0x0800114C" : "PARAM_ID_EARLY_EOS_DELAY",
    "0x0800114D" : "PARAM_ID_RD_EP_CLIENT_CFG",
    "0x0800114E" : "PARAM_ID_EVS_DEC_OUT_SAMPLING_RATE",
    "0x0800114F" : "PARAM_ID_COP_PACKETIZER_OUTPUT_MEDIA_FORMAT",
    "0x08001150" : "PARAM_ID_PBE_PARAMS_CONFIG",
    "0x08001151" : "PARAM_ID_AIG_CONFIG",
    "0x08001152" : "PARAM_ID_FFV_TBS",
    "0x08001153" : "APM_PARAM_ID_IMCL_PEER_DOMAIN_INFO",
    "0x08001154" : "PARAM_ID_DISPLAY_PORT_INTF_CFG",
    "0x08001155" : "PARAM_ID_DATA_MARKER_INSERT_MD",
    "0x08001156" : "EVENT_ID_DELAY_MARKER_INFO",
    "0x08001157" : "PARAM_ID_RT_PROXY_CONFIG",
    "0x08001158" : "PARAM_ID_CNG_ENABLE",
    "0x08001159" : "PARAM_ID_CNG_MUTE",
    "0x0800115A" : "PARAM_ID_CNG_CROSSFADE",
    "0x0800115B" : "PARAM_ID_SPR_AVSYNC_CONFIG",
    "0x0800115C" : "IMCL_PARAM_ID_BT_BIT_RATE_LEVEL_ENCODER_FEEDBACK",
    "0x0800115D" : "PARAM_ID_REMOVE_TRAILING_SILENCE",
    "0x0800115E" : "EVENT_ID_MBHC_INTR_DETECTION",
    "0x0800115F" : "PARAM_ID_MAILBOX_TIMING_PARAMS",
    "0x08001160" : "PARAM_ID_ST",
    "0x08001161" : "PARAM_ID_ST_EXP",
    "0x08001162" : "VCPM_PARAM_ID_VOICE_CONFIG",
    "0x08001163" : "VCPM_PARAM_ID_CAL_TABLE",
    "0x08001164" : "VCPM_CAL_KEY_ID_VOCODER_CLASS",
    "0x08001165" : "VCPM_CAL_KEY_ID_SAMPLING_RATE",
    "0x08001166" : "VCPM_CAL_KEY_ID_VOLUME_LEVEL",
    "0x08001167" : "VCPM_CAL_KEY_ID_BWE",
    "0x08001168" : "VCPM_CAL_KEY_VOCODER_CLASS_AMR",
    "0x08001169" : "VCPM_CAL_KEY_VOCODER_CLASS_EVRC",
    "0x0800116A" : "VCPM_CAL_KEY_VOCODER_CLASS_EVS",
    "0x0800116B" : "VCPM_PARAM_ID_CAL_KEYS",
    "0x0800116C" : "VCPM_PARAM_ID_NUM_VOL_STEPS",
    "0x0800116D" : "IMCL_PARAM_ID_BT_SIDEBAND_ENCODER_FEEDBACK",
    "0x0800116E" : "VCPM_PARAM_ID_TIMING_PARAMS",
    "0x0800116F" : "CNTR_EVENT_ID_CONTAINER_FRAME_DELIVERY_DONE",
    "0x08001170" : "PARAM_ID_SOFT_PAUSE_RESUME_DEFERRED_RAMPUP",
    "0x08001171" : "PARAM_ID_LDAC_BIT_RATE_LEVEL_MAP",
    "0x08001172" : "VCPM_EVT_TIMER_EXPIRE",
    "0x08001173" : "PARAM_ID_RESET_PLACEHOLDER_MODULE",
    "0x08001174" : "APM_CONTAINER_PROP_ID_HEAP_ID",
    "0x08001175" : "PARAM_ID_GAIN_MODULE_GAIN",
    "0x08001176" : "PARAM_ID_HW_EP_POWER_MODE_CFG",
    "0x08001177" : "VOICE_MOD_TAG_ID_ENCODER",
    "0x08001178" : "VOICE_MOD_TAG_ID_TX_MAILBOX",
    "0x08001179" : "VOICE_MOD_TAG_ID_TX_STREAM_HPCM",
    "0x0800117A" : "VOICE_MOD_TAG_ID_LTETTY_TX",
    "0x0800117B" : "VOICE_MOD_TAG_ID_DECODER",
    "0x0800117C" : "VOICE_MOD_TAG_ID_RX_MAILBOX",
    "0x0800117D" : "VOICE_MOD_TAG_ID_RX_STREAM_HPCM",
    "0x0800117E" : "VOICE_MOD_TAG_ID_LTETTY_RX",
    "0x0800117F" : "PARAM_ID_POP_SUPPRESSOR_CONFIG",
    "0x08001180" : "PARAM_ID_APTX_0x0x8001180",
    "0x08001181" : "PARAM_ID_APTX_0x0x8001181",
    "0x08001182" : "PARAM_ID_APTX_0x0x8001182",
    "0x08001183" : "PARAM_ID_APTX_0x0x8001183",
    "0x08001184" : "PARAM_ID_APTX_0x0x8001184",
    "0x08001185" : "PARAM_ID_APTX_0x0x8001185",
    "0x08001186" : "PARAM_ID_APTX_0x0x8001186",
    "0x08001187" : "PARAM_ID_APTX_0x0x8001187",
    "0x08001188" : "PARAM_ID_APTX_0x0x8001188",
    "0x08001189" : "PARAM_ID_APTX_0x0x8001189",
    "0x0800118A" : "PARAM_ID_APTX_0x0x800118a",
    "0x0800118B" : "PARAM_ID_APTX_0x0x800118b",
    "0x0800118C" : "PARAM_ID_APTX_0x0x800118c",
    "0x0800118D" : "PARAM_ID_APTX_0x0x800118d",
    "0x0800118E" : "PARAM_ID_APTX_0x0x800118e",
    "0x0800118F" : "PARAM_ID_APTX_0x0x800118f",
    "0x08001190" : "PARAM_ID_CTM_RESYNC",
    "0x08001191" : "INTENT_ID_CTM_TTY",
    "0x08001192" : "PARAM_ID_IMCL_CTM_RX_ENQUIRY_DETECTED",
    "0x08001193" : "PARAM_ID_IMCL_CTM_RX_DETECTED",
    "0x08001194" : "PARAM_ID_IMCL_CTM_TX_CHAR_TRANSMITTED",
    "0x08001195" : "INTENT_ID_MUTE",
    "0x08001196" : "PARAM_ID_IMCL_MUTE",
    "0x08001197" : "EVENT_ID_VOCODER_OPERATING_MODE",
    "0x08001198" : "PARAM_ID_GATE_EP_TRANSMISSION_DELAY",
    "0x08001199" : "PARAM_ID_EVS_ENC_DTX_MODE",
    "0x0800119A" : "PARAM_ID_IRM_PROFILING_PARAMS",
    "0x0800119B" : "PARAM_ID_DETECTION_ENGINE_DUMMY_CFG",
    "0x0800119C" : "EVENT_ID_SP_VI_DC_DETECTION",
    "0x0800119D" : "PARAM_ID_VPECNS_PARAMS",
    "0x0800119E" : "PARAM_ID_IRM_VERSION",
    "0x0800119F" : "EVENT_ID_VI_CALIBRATION",
    "0x080011A0" : "PARAM_ID_FFV_ASPF",
    "0x080011A1" : "PARAM_ID_FFV_FILTBANK",
    "0x080011A2" : "PARAM_ID_FFV_ASPF_COEF",
    "0x080011A3" : "PARAM_ID_CCD",
    "0x080011A4" : "PARAM_ID_MSBS_ASPF",
    "0x080011A5" : "PARAM_ID_FFV_ASPF_MONITOR",
    "0x080011A6" : "PARAM_ID_FFV_MSBS_MONITOR",
    "0x080011A7" : "PARAM_ID_G711_DEC_PLC_MODE",
    "0x080011A8" : "PARAM_ID_LTETTY_CHAR",
    "0x080011A9" : "EVENT_ID_LTETTY_CHAR",
    "0x080011AA" : "PARAM_ID_IRM_ENABLE_DISABLE_PROFILING",
    "0x080011AB" : "EVENT_ID_DUMMY_DETECTION_INFO",
    "0x080011AC" : "VOICE_MOD_TAG_ID_RX_TRM",
    "0x080011AD" : "VOICE_MOD_TAG_ID_TX_SMART_SYNC",
    "0x080011AE" : "VCPM_PARAM_ID_CLK_CTRL",
    "0x080011AF" : "VCPM_EVENT_ID_GRAPH_OPEN",
    "0x080011B0" : "VCPM_EVENT_ID_GRAPH_CLOSE",
    "0x080011B1" : "PARAM_ID_VOCODER_ENC_RATE",
    "0x080011B2" : "VCPM_PROPERTY_ID_TAG_INFO",
    "0x080011B3" : "PARAM_ID_PEAK_INTERVAL",
    "0x080011B4" : "PARAM_ID_PEAK_VALUES",
    "0x080011B5" : "VCPM_CAL_KEY_ID_NETWORK",
    "0x080011B6" : "VCPM_CAL_KEY_ID_VOL_BOOST",
    "0x080011B7" : "VCPM_CAL_KEY_NETWORK_CDMA",
    "0x080011B8" : "VCPM_CAL_KEY_NETWORK_GSM",
    "0x080011B9" : "VCPM_CAL_KEY_NETWORK_WCDMA",
    "0x080011BA" : "VCPM_CAL_KEY_NETWORK_LTE",
    "0x080011BB" : "VCPM_CAL_KEY_NETWORK_TDSCDMA",
    "0x080011BC" : "VCPM_PARAM_ID_VSID",
    "0x080011BD" : "PARAM_ID_MUX_DEMUX_CONFIG",
    "0x080011BE" : "PARAM_ID_MUX_DEMUX_OUT_FORMAT",
    "0x080011BF" : "PARAM_ID_CUSTOM_UPSAMPLER_FILTER_CONFIG",
    "0x080011C0" : "PARAM_ID_CUSTOM_UPSAMPLER_OUT_SAMPLE_RATE",
    "0x080011C1" : "VCPM_PARAM_ID_ACTIVE_CAL_KEYS",
    "0x080011C2" : "PARAM_ID_VI_OUTPUT_SPLIT_ENABLE",
    "0x080011C3" : "PARAM_ID_PEER_PORT_PROPERTY_UPDATE",
    "0x080011C4" : "PARAM_ID_FFV_PLD_PARAM",
    "0x080011C5" : "PARAM_ID_FFV_ASPF_V2",
    "0x080011C6" : "PARAM_ID_FFNS_NO_NS",
    "0x080011C7" : "PARAM_ID_FFV_MCD",
    "0x080011C8" : "PARAM_ID_FFV_AC",
    "0x080011C9" : "PARAM_ID_FLUENCE_EF_BEZELLESS_AND_OCCLUSION_MIC_SWITCH_MONITOR",
    "0x080011CA" : "PARAM_ID_FLUENCE_EF_BEZELLESS_AND_OCCLUSION_MIC_SWITCH",
    "0x080011CB" : "PARAM_ID_FLUENCE_EF_NNVAD",
    "0x080011CC" : "PARAM_ID_FLUENCE_EF_NNVAD_MODEL_INFO",
    "0x080011CD" : "PARAM_ID_FLUENCE_EF_NNVAD_MONITOR",
    "0x080011CE" : "PARAM_ID_FLUENCE_NN_GLOBAL",
    "0x080011CF" : "PARAM_ID_FLUENCE_NN_LEC",
    "0x080011D0" : "PARAM_ID_FLUENCE_NN_VAD",
    "0x080011D1" : "PARAM_ID_FLUENCE_NN_NREF",
    "0x080011D2" : "PARAM_ID_FLUENCE_NN_NSPP",
    "0x080011D3" : "PARAM_ID_FLUENCE_NN_SR",
    "0x080011D4" : "PARAM_ID_FLUENCE_NN_MODEL",
    "0x080011D5" : "PARAM_ID_FLUENCE_NN_MODEL_INFO",
    "0x080011D6" : "PARAM_ID_FLUENCE_NN_NSPP_MONITOR",
    "0x080011D7" : "PARAM_ID_FLUENCE_EF_MIC_SWITCH_GAIN_AND_ECPP",
    "0x080011D8" : "PARAM_ID_FLUENCE_EF_NNVAD_MODEL",
    "0x080011D9" : "PARAM_ID_FLUENCE_CMN_TRNS",
    "0x080011DA" : "PARAM_ID_FLUENCE_CMN_TRNS_MONITOR",
    "0x080011DB" : "PARAM_ID_FFNS_FILTERBANK_DATA",
    "0x080011DC" : "PARAM_ID_FLUENCE_NN_NNVAD",
    "0x080011DD" : "PARAM_ID_FLUENCE_NN_NNVAD_MONITOR",
    "0x080011DE" : "PARAM_ID_SM_FLUENCE_SB_GLOBAL",
    "0x080011DF" : "PARAM_ID_MLA_ENABLE",
    "0x080011E0" : "PARAM_ID_ECNS_DUMMY_CFG",
    "0x080011E1" : "VOICE_MOD_TAG_ID_CTMTTY_TX",
    "0x080011E2" : "VOICE_MOD_TAG_ID_CTMTTY_RX",
    "0x080011E3" : "VOICE_MOD_TAG_ID_1XTTY_RX",
    "0x080011E4" : "VCPM_PARAM_ID_TTY_MODE",
    "0x080011E5" : "PARAM_ID_UPSTREAM_STOPPED",
    "0x080011E6" : "EVENT_ID_SPR_UNDERRUN",
    "0x080011E7" : "VCPM_PARAM_ID_MAILBOX_MEMORY_CONFIG",
    "0x080011E8" : "PARAM_ID_SP_STATIC_CFG",
    "0x080011E9" : "PARAM_ID_SP_OP_MODE",
    "0x080011EA" : "PARAM_ID_SP_TRANSITION_ASP_ENABLE",
    "0x080011EB" : "PARAM_ID_SP_TRANSITION_ASP_CALIB_PARAM",
    "0x080011EC" : "PARAM_ID_SP_DYNAMIC_CFG",
    "0x080011ED" : "PARAM_ID_SP_TH_DEMO_CFG",
    "0x080011EE" : "PARAM_ID_SP_EX_DEMO_CFG",
    "0x080011EF" : "PARAM_ID_SP_TH_STATS",
    "0x080011F0" : "PARAM_ID_SP_EX_STATS",
    "0x080011F1" : "PARAM_ID_SP_STATS",
    "0x080011F2" : "PARAM_ID_SP_TMAX_XMAX_LOGGING",
    "0x080011F3" : "PARAM_ID_SP_VERSION",
    "0x080011F4" : "PARAM_ID_SP_VI_OP_MODE_CFG",
    "0x080011F5" : "PARAM_ID_SP_TH_VI_R0T0_CFG",
    "0x080011F6" : "PARAM_ID_SP_VI_STATIC_CFG",
    "0x080011F7" : "PARAM_ID_SP_TH_VI_DYNAMIC_CFG",
    "0x080011F8" : "PARAM_ID_SP_TH_VI_CALIB_RES_CFG",
    "0x080011F9" : "PARAM_ID_SP_TH_VI_FTM_CFG",
    "0x080011FA" : "PARAM_ID_SP_TH_VI_FTM_PARAMS",
    "0x080011FB" : "PARAM_ID_SP_TH_VI_V_VALI_CFG",
    "0x080011FC" : "PARAM_ID_SP_TH_VI_V_VALI_PARAMS",
    "0x080011FD" : "PARAM_ID_SP_EX_VI_DYNAMIC_CFG",
    "0x080011FE" : "PARAM_ID_SP_EX_VI_STATS",
    "0x080011FF" : "PARAM_ID_SP_EX_VI_MODE_CFG",
    "0x08001200" : "PARAM_ID_SP_EX_VI_FTM_CFG",
    "0x08001201" : "PARAM_ID_SP_EX_VI_FTM_PARAMS",
    "0x08001202" : "PARAM_ID_SP_EX_VI_DC_DETECT",
    "0x08001203" : "PARAM_ID_SP_VI_CHANNEL_MAP_CFG",
    "0x08001204" : "INTENT_ID_SP",
    "0x08001205" : "PARAM_ID_SP_VI_IMC_PAYLOAD",
    "0x08001206" : "APM_PARAM_ID_OFFLOAD_GRAPH_PATH_DELAY",
    "0x08001207" : "INTENT_ID_DTMF_GENERATOR_CTRL",
    "0x08001208" : "PARAM_ID_SDD_ENABLE",
    "0x08001209" : "PARAM_ID_SDD_SCALING_FACTOR",
    "0x0800120A" : "PARAM_ID_LDAC_DUAL_MONO_CFG",
    "0x0800120B" : "IRM_METRIC_ID_PROCESSOR_CYCLES",
    "0x0800120C" : "IRM_BASIC_METRIC_ID_CURRENT_CLOCK",
    "0x0800120D" : "IRM_METRIC_ID_HEAP_INFO",
    "0x0800120E" : "IRM_METRIC_ID_PACKET_COUNT",
    "0x0800120F" : "IRM_METRIC_ID_MEM_TRANSACTIONS",
    "0x08001210" : "PARAM_ID_IRM_REPORT_METRICS",
    "0x08001211" : "PARAM_ID_MAILBOX_LOGGING_PARAMS",
    "0x08001212" : "PARAM_ID_LATENCY_CFG",
    "0x08001213" : "PARAM_ID_SYS_UTIL_SVC_STATUS",
    "0x08001214" : "PARAM_ID_FFECNS_AUTO_GLOBAL",
    "0x08001215" : "PARAM_ID_FFECNS_AUTO_EC_MONITOR",
    "0x08001216" : "PARAM_ID_FLUENCE_SMSB_AUTO_GLOBAL",
    "0x08001217" : "PARAM_ID_FLUENCE_SMSB_AUTO_NS",
    "0x08001218" : "PARAM_ID_FLUENCE_SMSB_AUTO_EC_MONITOR",
    "0x08001219" : "PARAM_ID_FLUENCE_SMSB_AUTO_NS_MONITOR",
    "0x0800121A" : "PARAM_ID_FLUENCE_SMSB_AUTO_NS_2_MONITOR",
    "0x0800121B" : "PARAM_ID_FLUENCE_MMSB_AUTO_GLOBAL",
    "0x0800121C" : "PARAM_ID_FLUENCE_MMSB_AUTO_NS",
    "0x0800121D" : "PARAM_ID_FLUENCE_MMSB_AUTO_SPF",
    "0x0800121E" : "PARAM_ID_FLUENCE_MMSB_AUTO_ABF_NREF",
    "0x0800121F" : "PARAM_ID_FLUENCE_MMSB_AUTO_ABF_SREF",
    "0x08001220" : "PARAM_ID_FLUENCE_MMSB_AUTO_VOICECALLZONE",
    "0x08001221" : "PARAM_ID_FLUENCE_MMSB_AUTO_EC_MONITOR",
    "0x08001222" : "PARAM_ID_FLUENCE_MMSB_AUTO_NS_MONITOR",
    "0x08001223" : "PARAM_ID_FLUENCE_MMSB_AUTO_NS_2_MONITOR",
    "0x08001224" : "PARAM_ID_FLUENCE_MMSB_AUTO_SPF_MONITOR",
    "0x08001225" : "PARAM_ID_AUTO_CMN_ECPP",
    "0x08001226" : "PARAM_ID_AUTO_CMN_AEC",
    "0x08001227" : "PARAM_ID_AUTO_CMN_HPF",
    "0x08001228" : "PARAM_ID_AUTO_CMN_FILTBANK",
    "0x08001229" : "PARAM_ID_AUTO_CMN_SEC_CALIBRATION_MODE",
    "0x0800122A" : "PARAM_ID_AUTO_CMN_AIC",
    "0x0800122B" : "PARAM_ID_AUTO_CMN_EC_PP_MONITOR",
    "0x0800122C" : "DECIMATE_PARAM_DECIMATION_FACTOR",
    "0x0800122D" : "SP_RX_CFG_1_PARAM_ID",
    "0x0800122E" : "SP_TX_CFG_1_PARAM_ID",
    "0x0800122F" : "PARAM_ID_SP_VI_DUMMY_CHANNEL_MAP_CFG",
    "0x08001230" : "PARAM_ID_DETECTION_ENGINE_DUMMY_GLOBAL_PERSIST_PARAM",
    "0x08001231" : "INTENT_ID_DUMMY_SP",
    "0x08001232" : "PARAM_ID_DUMMY_SP_VI_IMC_PAYLOAD",
    "0x08001233" : "PARAM_ID_HW_EP_DMA_DATA_ALIGN",
    "0x08001234" : "PARAM_ID_MULTI_PORT_EXAMPLE_PREGAIN_CONFIG",
    "0x08001235" : "PARAM_ID_MULTI_PORT_EXAMPLE_POSTGAIN_CONFIG",
    "0x08001236" : "PARAM_ID_SYS_UTIL_CLOSE_ALL",
    "0x08001237" : "PARAM_ID_ICC_MODE",
    "0x08001238" : "PARAM_ID_ICC_ENABLE",
    "0x08001239" : "PARAM_ID_ICC_GLOBAL",
    "0x0800123A" : "PARAM_ID_ICC_DELAY",
    "0x0800123B" : "PARAM_ID_ICC_SURROUND_EC_CAL",
    "0x0800123C" : "PARAM_ID_ICC_PP",
    "0x0800123D" : "PARAM_ID_ICC_EQ",
    "0x0800123E" : "PARAM_ID_ICC_CAL",
    "0x0800123F" : "PARAM_ID_ICC_EC_CAL_MODE",
    "0x08001240" : "PARAM_ID_ICC_OUT_CHANNEL_INFO",
    "0x08001241" : "PARAM_ID_ICC_TH_POOL_ENABLE",
    "0x08001242" : "PARAM_ID_ICC_LIB_VERSION",
    "0x08001243" : "CNTR_PARAM_ID_PATH_DESTROY",
    "0x08001244" : "APM_PARAM_ID_MASTER_PD_INFO",
    "0x08001245" : "IMCL_PARAM_ID_TIMER_DRIFT_RESYNC",
    "0x08001246" : "PARAM_ID_FLUENCE_AINS_AUTO_GLOBAL",
    "0x08001247" : "PARAM_ID_FLUENCE_AINS_AUTO_MODEL",
    "0x08001248" : "PARAM_ID_FLUENCE_AINS_AUTO_MODEL_INFO",
    "0x08001249" : "IMCL_PARAM_ID_BT_SIDEBAND_ENCODER_FEEDBACK_V2",
    "0x0800124A" : "EVENT_ID_TESTFWK_ISLAND_SLEEP",
    "0x0800124B" : "INTENT_ID_DETECTION_ENGINE_STAGE2_TO_STAGE1",
    "0x0800124C" : "PARAM_ID_STAGE2_TO_STAGE1_RESET",
    "0x0800124D" : "APM_CONTAINER_PROP_ID_PEER_HEAP_ID",
    "0x0800124E" : "PARAM_ID_DETECTION_ENGINE_REGISTER_MULTI_SOUND_MODEL",
    "0x0800124F" : "PARAM_ID_DETECTION_ENGINE_MULTI_MODEL_BUFFERING_CONFIG",
    "0x08001250" : "PARAM_ID_DETECTION_ENGINE_DEREGISTER_MULTI_SOUND_MODEL",
    "0x08001251" : "APM_PARAM_ID_SATELLITE_PD_INFO",
    "0x08001252" : "PARAM_ID_MODULE_FRAME_SIZE_CFG",
    "0x08001253" : "PARAM_ID_SVA_ZONE_DISCRIMINATION",
    "0x08001254" : "PARAM_ID_CPS_LPASS_SWR_THRESHOLDS_CFG",
    "0x08001255" : "PARAM_ID_COP_V2_STREAM_INFO",
    "0x08001256" : "VCPM_PARAM_ID_TIMING_REFERENCES_V2",
    "0x08001257" : "MAILBOX_PKTEXG_EVT_NO_DATA_PACKET",
    "0x08001258" : "PARAM_ID_SP_CPS_STATIC_CFG",
    "0x08001259" : "PARAM_ID_CPS_LPASS_HW_INTF_CFG",
    "0x0800125A" : "PARAM_ID_SP_EX_CPS_DEMO_CFG",
    "0x0800125B" : "PARAM_ID_SP_EX_CPS_STATS",
    "0x0800125C" : "PARAM_ID_TEST_PERIODIC_MD_GEN_CFG",
    "0x0800125D" : "EVENT_ID_TESTFWK_ISLAND_SLEEP_OVERRIDE",
    "0x0800125E" : "PARAM_ID_AUTOMOTIVE_0x0x800125e",
    "0x0800125F" : "PARAM_ID_AUTOMOTIVE_0x0x800125f",
    "0x08001260" : "PARAM_ID_AUTOMOTIVE_0x0x8001260",
    "0x08001261" : "PARAM_ID_AUTOMOTIVE_0x0x8001261",
    "0x08001262" : "PARAM_ID_AUTOMOTIVE_0x0x8001262",
    "0x08001263" : "PARAM_ID_AUTOMOTIVE_0x0x8001263",
    "0x08001264" : "PARAM_ID_AUTOMOTIVE_0x0x8001264",
    "0x08001265" : "PARAM_ID_AUTOMOTIVE_0x0x8001265",
    "0x08001266" : "PARAM_ID_AUTOMOTIVE_0x0x8001266",
    "0x08001267" : "PARAM_ID_AUTOMOTIVE_0x0x8001267",
    "0x08001268" : "PARAM_ID_AUTOMOTIVE_0x0x8001268",
    "0x08001269" : "PARAM_ID_AUTOMOTIVE_0x0x8001269",
    "0x0800126A" : "PARAM_ID_AUTOMOTIVE_0x0x800126a",
    "0x0800126B" : "PARAM_ID_AUTOMOTIVE_0x0x800126b",
    "0x0800126C" : "PARAM_ID_AUTOMOTIVE_0x0x800126c",
    "0x0800126D" : "PARAM_ID_AUTOMOTIVE_0x0x800126d",
    "0x0800126E" : "PARAM_ID_AUTOMOTIVE_0x0x800126e",
    "0x0800126F" : "PARAM_ID_AUTOMOTIVE_0x0x800126f",
    "0x08001270" : "PARAM_ID_AUTOMOTIVE_0x0x8001270",
    "0x08001271" : "PARAM_ID_AUTOMOTIVE_0x0x8001271",
    "0x08001272" : "PARAM_ID_AUTOMOTIVE_0x0x8001272",
    "0x08001273" : "PARAM_ID_AUTOMOTIVE_0x0x8001273",
    "0x08001274" : "PARAM_ID_AUTOMOTIVE_0x0x8001274",
    "0x08001275" : "PARAM_ID_AUTOMOTIVE_0x0x8001275",
    "0x08001276" : "PARAM_ID_AUTOMOTIVE_0x0x8001276",
    "0x08001277" : "PARAM_ID_AUTOMOTIVE_0x0x8001277",
    "0x08001278" : "PARAM_ID_AUTOMOTIVE_0x0x8001278",
    "0x08001279" : "PARAM_ID_AUTOMOTIVE_0x0x8001279",
    "0x0800127A" : "PARAM_ID_AUTOMOTIVE_0x0x800127a",
    "0x0800127B" : "PARAM_ID_AUTOMOTIVE_0x0x800127b",
    "0x0800127C" : "PARAM_ID_AUTOMOTIVE_0x0x800127c",
    "0x0800127D" : "PARAM_ID_AUTOMOTIVE_0x0x800127d",
    "0x0800127E" : "PARAM_ID_AUTOMOTIVE_0x0x800127e",
    "0x0800127F" : "PARAM_ID_AUTOMOTIVE_0x0x800127f",
    "0x08001280" : "PARAM_ID_AUTOMOTIVE_0x0x8001280",
    "0x08001281" : "PARAM_ID_AUTOMOTIVE_0x0x8001281",
    "0x08001282" : "PARAM_ID_AUTOMOTIVE_0x0x8001282",
    "0x08001283" : "PARAM_ID_AUTOMOTIVE_0x0x8001283",
    "0x08001284" : "PARAM_ID_AUTOMOTIVE_0x0x8001284",
    "0x08001285" : "PARAM_ID_AUTOMOTIVE_0x0x8001285",
    "0x08001286" : "PARAM_ID_AUTOMOTIVE_0x0x8001286",
    "0x08001287" : "PARAM_ID_AUTOMOTIVE_0x0x8001287",
    "0x08001288" : "PARAM_ID_AUTOMOTIVE_0x0x8001288",
    "0x08001289" : "PARAM_ID_AUTOMOTIVE_0x0x8001289",
    "0x0800128A" : "PARAM_ID_AUTOMOTIVE_0x0x800128a",
    "0x0800128B" : "PARAM_ID_AUTOMOTIVE_0x0x800128b",
    "0x0800128C" : "PARAM_ID_AUTOMOTIVE_0x0x800128c",
    "0x0800128D" : "PARAM_ID_AUTOMOTIVE_0x0x800128d",
    "0x0800128E" : "PARAM_ID_AUTOMOTIVE_0x0x800128e",
    "0x0800128F" : "PARAM_ID_AUTOMOTIVE_0x0x800128f",
    "0x08001290" : "PARAM_ID_AUTOMOTIVE_0x0x8001290",
    "0x08001291" : "PARAM_ID_AUTOMOTIVE_0x0x8001291",
    "0x08001292" : "PARAM_ID_AUTOMOTIVE_0x0x8001292",
    "0x08001293" : "PARAM_ID_AUTOMOTIVE_0x0x8001293",
    "0x08001294" : "PARAM_ID_AUTOMOTIVE_0x0x8001294",
    "0x08001295" : "PARAM_ID_AUTOMOTIVE_0x0x8001295",
    "0x08001296" : "PARAM_ID_AUTOMOTIVE_0x0x8001296",
    "0x08001297" : "PARAM_ID_AUTOMOTIVE_0x0x8001297",
    "0x08001298" : "PARAM_ID_AUTOMOTIVE_0x0x8001298",
    "0x08001299" : "PARAM_ID_AUTOMOTIVE_0x0x8001299",
    "0x0800129A" : "PARAM_ID_AUTOMOTIVE_0x0x800129a",
    "0x0800129B" : "PARAM_ID_AUTOMOTIVE_0x0x800129b",
    "0x0800129C" : "PARAM_ID_AUTOMOTIVE_0x0x800129c",
    "0x0800129D" : "PARAM_ID_AUTOMOTIVE_0x0x800129d",
    "0x0800129E" : "PARAM_ID_AUTOMOTIVE_0x0x800129e",
    "0x0800129F" : "PARAM_ID_AUTOMOTIVE_0x0x800129f",
    "0x080012A0" : "PARAM_ID_AUTOMOTIVE_0x0x80012a0",
    "0x080012A1" : "PARAM_ID_AUTOMOTIVE_0x0x80012a1",
    "0x080012A2" : "PARAM_ID_AUTOMOTIVE_0x0x80012a2",
    "0x080012A3" : "PARAM_ID_AUTOMOTIVE_0x0x80012a3",
    "0x080012A4" : "PARAM_ID_AUTOMOTIVE_0x0x80012a4",
    "0x080012A5" : "PARAM_ID_AUTOMOTIVE_0x0x80012a5",
    "0x080012A6" : "PARAM_ID_AUTOMOTIVE_0x0x80012a6",
    "0x080012A7" : "PARAM_ID_AUTOMOTIVE_0x0x80012a7",
    "0x080012A8" : "PARAM_ID_AUTOMOTIVE_0x0x80012a8",
    "0x080012A9" : "PARAM_ID_AUTOMOTIVE_0x0x80012a9",
    "0x080012AA" : "PARAM_ID_AUTOMOTIVE_0x0x80012aa",
    "0x080012AB" : "PARAM_ID_AUTOMOTIVE_0x0x80012ab",
    "0x080012AC" : "PARAM_ID_AUTOMOTIVE_0x0x80012ac",
    "0x080012AD" : "PARAM_ID_AUTOMOTIVE_0x0x80012ad",
    "0x080012AE" : "PARAM_ID_AUTOMOTIVE_0x0x80012ae",
    "0x080012AF" : "PARAM_ID_AUTOMOTIVE_0x0x80012af",
    "0x080012B0" : "PARAM_ID_AUTOMOTIVE_0x0x80012b0",
    "0x080012B1" : "PARAM_ID_AUTOMOTIVE_0x0x80012b1",
    "0x080012B2" : "PARAM_ID_AUTOMOTIVE_0x0x80012b2",
    "0x080012B3" : "PARAM_ID_AUTOMOTIVE_0x0x80012b3",
    "0x080012B4" : "PARAM_ID_AUTOMOTIVE_0x0x80012b4",
    "0x080012B5" : "PARAM_ID_AUTOMOTIVE_0x0x80012b5",
    "0x080012B6" : "PARAM_ID_AUTOMOTIVE_0x0x80012b6",
    "0x080012B7" : "PARAM_ID_AUTOMOTIVE_0x0x80012b7",
    "0x080012B8" : "PARAM_ID_AUTOMOTIVE_0x0x80012b8",
    "0x080012B9" : "PARAM_ID_AUTOMOTIVE_0x0x80012b9",
    "0x080012BA" : "PARAM_ID_AUTOMOTIVE_0x0x80012ba",
    "0x080012BB" : "PARAM_ID_AUTOMOTIVE_0x0x80012bb",
    "0x080012BC" : "PARAM_ID_AUTOMOTIVE_0x0x80012bc",
    "0x080012BD" : "PARAM_ID_AUTOMOTIVE_0x0x80012bd",
    "0x080012BE" : "PARAM_ID_AUTOMOTIVE_0x0x80012be",
    "0x080012BF" : "PARAM_ID_AUTOMOTIVE_0x0x80012bf",
    "0x080012C0" : "PARAM_ID_AUTOMOTIVE_0x0x80012c0",
    "0x080012C1" : "PARAM_ID_AUTOMOTIVE_0x0x80012c1",
    "0x080012C2" : "PARAM_ID_AUTOMOTIVE_0x0x80012c2",
    "0x080012C3" : "PARAM_ID_AUTOMOTIVE_0x0x80012c3",
    "0x080012C4" : "PARAM_ID_AUTOMOTIVE_0x0x80012c4",
    "0x080012C5" : "PARAM_ID_AUTOMOTIVE_0x0x80012c5",
    "0x080012C6" : "PARAM_ID_AUTOMOTIVE_0x0x80012c6",
    "0x080012C7" : "PARAM_ID_AUTOMOTIVE_0x0x80012c7",
    "0x080012C8" : "PARAM_ID_AUTOMOTIVE_0x0x80012c8",
    "0x080012C9" : "PARAM_ID_AUTOMOTIVE_0x0x80012c9",
    "0x080012CA" : "PARAM_ID_AUTOMOTIVE_0x0x80012ca",
    "0x080012CB" : "PARAM_ID_AUTOMOTIVE_0x0x80012cb",
    "0x080012CC" : "PARAM_ID_AUTOMOTIVE_0x0x80012cc",
    "0x080012CD" : "PARAM_ID_AUTOMOTIVE_0x0x80012cd",
    "0x080012CE" : "PARAM_ID_AUTOMOTIVE_0x0x80012ce",
    "0x080012CF" : "PARAM_ID_AUTOMOTIVE_0x0x80012cf",
    "0x080012D0" : "PARAM_ID_AUTOMOTIVE_0x0x80012d0",
    "0x080012D1" : "PARAM_ID_AUTOMOTIVE_0x0x80012d1",
    "0x080012D2" : "PARAM_ID_AUTOMOTIVE_0x0x80012d2",
    "0x080012D3" : "PARAM_ID_AUTOMOTIVE_0x0x80012d3",
    "0x080012D4" : "PARAM_ID_AUTOMOTIVE_0x0x80012d4",
    "0x080012D5" : "PARAM_ID_AUTOMOTIVE_0x0x80012d5",
    "0x080012D6" : "PARAM_ID_AUTOMOTIVE_0x0x80012d6",
    "0x080012D7" : "PARAM_ID_AUTOMOTIVE_0x0x80012d7",
    "0x080012D8" : "PARAM_ID_AUTOMOTIVE_0x0x80012d8",
    "0x080012D9" : "PARAM_ID_AUTOMOTIVE_0x0x80012d9",
    "0x080012DA" : "PARAM_ID_AUTOMOTIVE_0x0x80012da",
    "0x080012DB" : "PARAM_ID_AUTOMOTIVE_0x0x80012db",
    "0x080012DC" : "PARAM_ID_AUTOMOTIVE_0x0x80012dc",
    "0x080012DD" : "PARAM_ID_AUTOMOTIVE_0x0x80012dd",
    "0x080012DE" : "PARAM_ID_AUTOMOTIVE_0x0x80012de",
    "0x080012DF" : "PARAM_ID_AUTOMOTIVE_0x0x80012df",
    "0x080012E0" : "PARAM_ID_AUTOMOTIVE_0x0x80012e0",
    "0x080012E1" : "PARAM_ID_AUTOMOTIVE_0x0x80012e1",
    "0x080012E2" : "PARAM_ID_AUTOMOTIVE_0x0x80012e2",
    "0x080012E3" : "PARAM_ID_AUTOMOTIVE_0x0x80012e3",
    "0x080012E4" : "PARAM_ID_AUTOMOTIVE_0x0x80012e4",
    "0x080012E5" : "PARAM_ID_AUTOMOTIVE_0x0x80012e5",
    "0x080012E6" : "PARAM_ID_AUTOMOTIVE_0x0x80012e6",
    "0x080012E7" : "PARAM_ID_AUTOMOTIVE_0x0x80012e7",
    "0x080012E8" : "PARAM_ID_AUTOMOTIVE_0x0x80012e8",
    "0x080012E9" : "PARAM_ID_AUTOMOTIVE_0x0x80012e9",
    "0x080012EA" : "PARAM_ID_TEST_MD_TRACKING_CFG",
    "0x080012EB" : "EVENT_ID_ASPS_SENSOR_REGISTER_REQUEST",
    "0x080012EC" : "EVENT_ID_ASPS_SENSOR_DEREGISTER_REQUEST",
    "0x080012ED" : "PARAM_ID_ASPS_SENSOR_REGISTER_ACK",
    "0x080012EE" : "FWK_EXTN_DM_PARAM_ID_CONSUME_PARTIAL_INPUT",
    "0x080012EF" : "PARAM_ID_FFV_WPE",
    "0x080012F0" : "PARAM_ID_FFV_NBDOA",
    "0x080012F1" : "PARAM_ID_FFV_MSBS_V2",
    "0x080012F2" : "PARAM_ID_FFV_NNVAD_MODEL_INFO",
    "0x080012F3" : "PARAM_ID_FFV_NNVAD_MODEL",
    "0x080012F4" : "PARAM_ID_FFV_NNVAD",
    "0x080012F5" : "PARAM_ID_FFV_NO_NS_CHAN_MAP",
    "0x080012F6" : "PARAM_ID_FFECNS_BAREGIN_TX_GAIN",
    "0x080012F7" : "PARAM_ID_FFECNS_RX_GAIN",
    "0x080012F8" : "PARAM_ID_BLE_0x0x80012f8",
    "0x080012F9" : "PARAM_ID_BLE_0x0x80012f9",
    "0x080012FA" : "PARAM_ID_BLE_0x0x80012fa",
    "0x080012FB" : "PARAM_ID_BLE_0x0x80012fb",
    "0x080012FC" : "PARAM_ID_BLE_0x0x80012fc",
    "0x080012FD" : "PARAM_ID_BLE_0x0x80012fd",
    "0x080012FE" : "PARAM_ID_BLE_0x0x80012fe",
    "0x080012FF" : "PARAM_ID_BLE_0x0x80012ff",
    "0x08001300" : "PARAM_ID_BLE_0x0x8001300",
    "0x08001301" : "PARAM_ID_BLE_0x0x8001301",
    "0x08001302" : "EVENT_ID_ASPS_GET_SUPPORTED_CONTEXT_IDS",
    "0x08001303" : "PARAM_ID_ASPS_SUPPORTED_CONTEXT_IDS",
    "0x08001304" : "PARAM_ID_ASPS_BASIC_ACK",
    "0x08001305" : "IMCL_PARAM_ID_V2_PACKETIZER_FEEDBACK",
    "0x08001306" : "INTENT_ID_V2_PACKETIZER_FEEDBACK",
    "0x08001307" : "PARAM_ID_AUDIOSS_DMA_INTF_CFG",
    "0x08001308" : "PARAM_ID_AUDIOSS_AOV_BUFFER",
    "0x08001309" : "PARAM_ID_AUDIOSS_AOV_CFG",
    "0x0800130A" : "INTENT_ID_AUDIOSS_AOV_DMA",
    "0x0800130B" : "PARAM_ID_VW_AUDIOSS_DMA",
    "0x0800130C" : "PARAM_ID_SH_MEM_PUSH_LAB_CFG",
    "0x0800130D" : "PARAM_ID_SH_MEM_PUSH_LAB_WATERMARK_PERIOD",
    "0x0800130E" : "EVENT_ID_SH_MEM_PUSH_LAB_WATERMARK",
    "0x0800130F" : "PARAM_ID_TEST_HW_ACCL_PROC_DELAY",
    "0x08001310" : "VCPM_PARAM_ID_TX_DEV_PP_CHANNEL_INFO",
    "0x08001311" : "VCPM_PARAM_ID_VOC_PKT_LOOPBACK_DELAY",
    "0x08001312" : "PARAM_ID_AAC_BIT_RATE_LEVEL_MAP",
    "0x08001313" : "PARAM_ID_ISLAND_DATA_LOGGING",
    "0x08001314" : "PARAM_ID_SP_TH_PI_DERV_CTRL_CFG",
    "0x08001315" : "APM_PARAM_ID_SET_CNTR_HANDLES",
    "0x08001321" : "PARAM_ID_MASTER_GAIN_CPP",
    "0x08001322" : "IRM_METRIC_ID_Q6_HW_INFO",
    "0x08001323" : "IRM_METRIC_ID_TIMESTAMP",
    "0x08001324" : "MODULE_CMN_CONTEXT_ID_ENV_HOME",
    "0x08001325" : "MODULE_CMN_CONTEXT_ID_ENV_OFFICE",
    "0x08001326" : "MODULE_CMN_CONTEXT_ID_ENV_RESTAURANT",
    "0x08001327" : "MODULE_CMN_CONTEXT_ID_ENV_INDOOR",
    "0x08001328" : "MODULE_CMN_CONTEXT_ID_ENV_INSTREET",
    "0x08001329" : "MODULE_CMN_CONTEXT_ID_ENV_OUTDOOR",
    "0x0800132A" : "MODULE_CMN_CONTEXT_ID_ENV_INCAR",
    "0x0800132B" : "MODULE_CMN_CONTEXT_ID_ENV_INTRAIN",
    "0x0800132C" : "MODULE_CMN_CONTEXT_ID_ENV_UNKNOWN",
    "0x0800132D" : "MODULE_CMN_CONTEXT_ID_EVENT_ALARM",
    "0x0800132E" : "MODULE_CMN_CONTEXT_ID_EVENT_BABYCRYING",
    "0x0800132F" : "MODULE_CMN_CONTEXT_ID_EVENT_DOGBARKING",
    "0x08001330" : "MODULE_CMN_CONTEXT_ID_EVENT_DOORBELL",
    "0x08001331" : "MODULE_CMN_CONTEXT_ID_EVENT_DOORCLOSE",
    "0x08001332" : "MODULE_CMN_CONTEXT_ID_EVENT_DOOROPEN",
    "0x08001333" : "MODULE_CMN_CONTEXT_ID_EVENT_GLASSBREAKING",
    "0x08001334" : "MODULE_CMN_CONTEXT_ID_EVENT_SIREN",
    "0x08001335" : "MODULE_CMN_CONTEXT_ID_AMBIENCE_SPEECH",
    "0x08001336" : "MODULE_CMN_CONTEXT_ID_AMBIENCE_MUSIC",
    "0x08001337" : "MODULE_CMN_CONTEXT_ID_AMBIENCE_NOISY_SPL",
    "0x08001338" : "MODULE_CMN_CONTEXT_ID_AMBIENCE_SILENT_SPL",
    "0x08001339" : "MODULE_CMN_CONTEXT_ID_AMBIENCE_NOISY_SFLUX",
    "0x0800133A" : "MODULE_CMN_CONTEXT_ID_AMBIENCE_SILENT_SFLUX",
    "0x0800133B" : "PARAM_ID_ACD_STATIC_CFG",
    "0x0800133C" : "PARAM_ID_ACD_AMBIENCE_DYNAMIC_CFG",
    "0x0800133D" : "EVENT_ID_ACD_DETECTION_EVENT",
    "0x0800133E" : "EVENT_ID_ASPS_CLOSE_ALL",
    "0x0800133F" : "PARAM_ID_ASPS_SENSOR_USECASE_REGISTER",
    "0x08001340" : "EVENT_ID_ASPS_SENSOR_USECASE_INFO",
    "0x08001341" : "PARAM_ID_ASPS_GET_SUPPORTED_CONTEXT_IDS",
    "0x08001342" : "PARAM_ID_STAGE1_PDK_GAIN_CONFIG",
    "0x08001343" : "PARAM_ID_STAGE1_PDK_HPF_CONFIG",
    "0x08001344" : "PARAM_ID_STAGE1_PDK_BF_ENABLE",
    "0x08001345" : "PARAM_ID_SNS_READ_EP_CFG",
    "0x08001346" : "PARAM_ID_SNS_READ_EP_ENABLE_DATA_FLOW",
    "0x08001347" : "PARAM_ID_EXAMPLE_US_GEN_TONE_FREQUENCY",
    "0x08001348" : "PARAM_ID_EXAMPLE_US_GEN_DUTY_CYCLING",
    "0x08001349" : "PARAM_ID_EXAMPLE_US_GEN_CODEC_DUTY_CYCLING",
    "0x0800134A" : "PARAM_ID_RX_CPS_FINE_PARAM",
    "0x0800134B" : "APM_PARAM_ID_RESET_CNTR_HANDLES",
    "0x08001350" : "PARAM_ID_EXAMPLE_US_GEN_PARAM_1",
    "0x08001351" : "PARAM_ID_EXAMPLE_US_GEN_PARAM_2",
    "0x08001352" : "PARAM_ID_EXAMPLE_US_DETECT_TONE_FREQUENCY",
    "0x08001353" : "PARAM_ID_EXAMPLE_US_DETECT_DUTY_CYCLING",
    "0x08001354" : "PARAM_ID_EXAMPLE_US_DETECT_CODEC_DUTY_CYCLING",
    "0x08001355" : "PARAM_ID_EXAMPLE_US_DETECT_SENSOR_ACCESS",
    "0x08001356" : "PARAM_ID_EXAMPLE_US_DETECT_PARAM_1",
    "0x08001357" : "PARAM_ID_EXAMPLE_US_DETECT_PARAM_2",
    "0x08001358" : "EVENT_ID_GENERIC_US_DETECTION",
    "0x08001359" : "INTENT_ID_EXAMPLE_US_DETECT_PARAM_DATA",
    "0x0800135A" : "PARAM_ID_SP_EX_RX_POWLIM_MODE2_CFG_PARAM",
    "0x0800135B" : "APM_PARAM_ID_GET_CNTR_HANDLES",
    "0x08001360" : "PARAM_ID_EXAMPLE_US_DETECT_PARAM_DATA_IMCL",
    "0x08001361" : "INTENT_ID_TEST_MODULE_INTERACTION",
    "0x08001362" : "PARAM_ID_TEST_MODULE_IMCL_FRAME_COUNTER",
    "0x08001363" : "PARAM_ID_SYS_UTIL_KILL",
    "0x08001364" : "PARAM_ID_SP_VI_CFSMOOTHING_CFG_PARAM",
    "0x08001365" : "CNTR_PARAM_ID_GET_PROF_INFO",
    "0x08001366" : "PARAM_ID_FLUENCE_NN_MIC_SELECT",
    "0x08001367" : "PARAM_ID_FLUENCE_NN_AUXILIARY_LEC",
    "0x08001368" : "PARAM_ID_FLUENCE_NN_AUXILIARY_ECPP",
    "0x08001369" : "PARAM_ID_FLUENCE_NN_SDD",
    "0x0800136A" : "PARAM_ID_FLUENCE_MIC_SELECT_MONITOR",
    "0x09001000" : "MEDIA_FMT_ID_PCM",
    "0x09001001" : "MEDIA_FMT_ID_AAC",
    "0x09001002" : "MEDIA_FMT_ID_ALAC",
    "0x09001003" : "MEDIA_FMT_ID_APE",
    "0x09001004" : "MEDIA_FMT_ID_FLAC",
    "0x09001005" : "MEDIA_FMT_ID_VORBIS",
    "0x09001006" : "MEDIA_FMT_ID_WMAPRO",
    "0x09001007" : "MEDIA_FMT_ID_WMASTD",
    "0x09001008" : "MEDIA_FMT_ID_SBC",
    "0x09001009" : "MEDIA_FMT_ID_MP3",
    "0x0900100A" : "MEDIA_FMT_ID_AMRWBPLUS",
    "0x0900100B" : "MEDIA_FMT_ID_EAMR",
    "0x0900100C" : "MEDIA_FMT_ID_AMRNB_IF2",
    "0x0900100D" : "MEDIA_FMT_ID_AMRNB_MODEM",
    "0x0900100E" : "MEDIA_FMT_ID_AMRNB_FS",
    "0x0900100F" : "MEDIA_FMT_ID_EVRC",
    "0x09001010" : "MEDIA_FMT_ID_G729AB",
    "0x09001011" : "MEDIA_FMT_ID_PCM_EXTN",
    "0x09001012" : "MEDIA_FMT_ID_ATRAC",
    "0x09001014" : "MEDIA_FMT_ID_DTHD",
    "0x09001015" : "MEDIA_FMT_ID_MAT",
    "0x09001016" : "MEDIA_FMT_ID_DTS",
    "0x09001017" : "MEDIA_FMT_ID_EAC3",
    "0x09001018" : "MEDIA_FMT_ID_AC3",
    "0x09001019" : "MEDIA_FMT_ID_HR",
    "0x0900101A" : "MEDIA_FMT_ID_EFR",
    "0x0900101B" : "MEDIA_FMT_ID_FR",
    "0x0900101C" : "MEDIA_FMT_ID_FR_FS",
    "0x0900101D" : "MEDIA_FMT_ID_LDAC",
    "0x0900101E" : "FMT_ID_APTX_0x0x900101e",
    "0x0900101F" : "FMT_ID_APTX_0x0x900101f",
    "0x09001020" : "FMT_ID_APTX_0x0x9001020",
    "0x09001021" : "FMT_ID_APTX_0x0x9001021",
    "0x09001022" : "FMT_ID_APTX_0x0x9001022",
    "0x09001023" : "MEDIA_FMT_ID_EVS",
    "0x09001024" : "MEDIA_FMT_ID_EVRC_FS",
    "0x09001025" : "MEDIA_FMT_ID_V13K",
    "0x09001026" : "MEDIA_FMT_ID_V13K_FS",
    "0x09001027" : "MEDIA_FMT_ID_AMRWB",
    "0x09001028" : "MEDIA_FMT_ID_AMRWB_FS",
    "0x09001029" : "MEDIA_FMT_ID_MP2",
    "0x0900102A" : "MEDIA_FMT_ID_CELT",
    "0x0900102B" : "MEDIA_FMT_ID_EVRCB_FS",
    "0x0900102C" : "MEDIA_FMT_ID_EVRCWB_FS",
    "0x0900102D" : "MEDIA_FMT_ID_4GV_NB_MODEM",
    "0x0900102E" : "MEDIA_FMT_ID_4GV_WB_MODEM",
    "0x0900102F" : "MEDIA_FMT_ID_4GV_NW_MODEM",
    "0x09001030" : "MEDIA_FMT_ID_4GV_NW",
    "0x09001031" : "MEDIA_FMT_ID_EVRC_NW_2K",
    "0x09001032" : "MEDIA_FMT_ID_G711_ALAW",
    "0x09001033" : "MEDIA_FMT_ID_G711_MLAW",
    "0x09001034" : "MEDIA_FMT_ID_G711_ALAW_V2",
    "0x09001035" : "MEDIA_FMT_ID_G711_MLAW_V2",
    "0x09001036" : "MEDIA_FMT_ID_G711_ALAW_FS",
    "0x09001037" : "MEDIA_FMT_ID_G711_MLAW_FS",
    "0x09001038" : "MEDIA_FMT_ID_DTMF",
    "0x0A001000" : "FWK_EXTN_PCM",
    "0x0A001001" : "FWK_EXTN_PCM_PARAM_ID_MEDIA_FORMAT_EXTN",
    "0x0A001002" : "INTF_EXTN_GAPLESS",
    "0x0A001003" : "FWK_EXTN_STM",
    "0x0A001004" : "FWK_EXTN_PROPERTY_ID_STM_TRIGGER",
    "0x0A001005" : "FWK_EXTN_PROPERTY_ID_STM_CTRL",
    "0x0A001006" : "MD_ID_BT_SIDEBAND_INFO_V2",
    "0x0A001008" : "FWK_EXTN_SOFT_TIMER",
    "0x0A001009" : "FWK_EXTN_EVENT_ID_SOFT_TIMER_START",
    "0x0A00100A" : "FWK_EXTN_EVENT_ID_SOFT_TIMER_DISABLE",
    "0x0A00100B" : "FWK_EXTN_PARAM_ID_SOFT_TIMER_EXPIRED",
    "0x0A00100C" : "MODULE_CMN_MD_ID_EOS",
    "0x0A001010" : "FWK_EXTN_MULTI_PORT_BUFFERING",
    "0x0A001011" : "PARAM_ID_GAPLESS_LAST_BUFFER",
    "0x0A001012" : "INTF_EXTN_IMCL",
    "0x0A001013" : "INTF_EXTN_EVENT_ID_IMCL_RECURRING_BUF_INFO",
    "0x0A001014" : "INTF_EXTN_EVENT_ID_IMCL_GET_RECURRING_BUF",
    "0x0A001015" : "INTF_EXTN_EVENT_ID_IMCL_GET_ONE_TIME_BUF",
    "0x0A001016" : "INTF_EXTN_EVENT_ID_IMCL_OUTGOING_DATA",
    "0x0A001018" : "INTF_EXTN_PARAM_ID_IMCL_PORT_OPERATION",
    "0x0A001019" : "INTF_EXTN_PARAM_ID_IMCL_INCOMING_DATA",
    "0x0A00101A" : "FWK_EXTN_SYNC",
    "0x0A00101B" : "FWK_EXTN_SYNC_EVENT_ID_ENABLE_THRESHOLD_BUFFERING",
    "0x0A00101D" : "FWK_EXTN_SYNC_PARAM_ID_PORT_WILL_START",
    "0x0A00101E" : "FWK_EXTN_ECNS",
    "0x0A00101F" : "INTF_EXTN_METADATA",
    "0x0A001020" : "INTF_EXTN_PARAM_ID_METADATA_HANDLER",
    "0x0A001021" : "FWK_EXTN_CONTAINER_FRAME_DURATION",
    "0x0A001022" : "FWK_EXTN_PARAM_ID_CONTAINER_FRAME_DURATION",
    "0x0A001023" : "INTF_EXTN_DATA_PORT_OPERATION",
    "0x0A001025" : "MODULE_CMN_MD_ID_DFG",
    "0x0A001026" : "FWK_EXTN_SMART_SYNC_PARAM_ID_FIRST_PROC_TICK_NOTIF",
    "0x0A001027" : "FWK_EXTN_DM",
    "0x0A001028" : "FWK_EXTN_DM_PARAM_ID_CHANGE_MODE",
    "0x0A001029" : "FWK_EXTN_DM_PARAM_ID_SET_SAMPLES",
    "0x0A00102A" : "FWK_EXTN_DM_EVENT_ID_REPORT_SAMPLES",
    "0x0A00102B" : "FWK_EXTN_DM_PARAM_ID_SET_MAX_SAMPLES",
    "0x0A00102C" : "FWK_EXTN_DM_EVENT_ID_REPORT_MAX_SAMPLES",
    "0x0A00102D" : "FWK_EXTN_DM_EVENT_ID_DISABLE_DM",
    "0x0A00102E" : "INTF_EXTN_PATH_DELAY",
    "0x0A00102F" : "INTF_EXTN_EVENT_ID_REQUEST_PATH_DELAY",
    "0x0A001030" : "INTF_EXTN_PARAM_ID_RESPONSE_PATH_DELAY",
    "0x0A001031" : "INTF_EXTN_PARAM_ID_DATA_PORT_OPERATION",
    "0x0A001032" : "INTF_EXTN_PARAM_ID_DESTROY_PATH_DELAY",
    "0x0A001033" : "MODULE_MD_ID_DTMF_GEN",
    "0x0A001034" : "MODULE_MD_ID_SAL_UNMIXED_OUTPUT",
    "0x0A001035" : "DATA_MARKER_MD_ID_DELAY_MARKER",
    "0x0A001036" : "MD_ID_BT_SIDEBAND_INFO",
    "0x0A001037" : "MD_ID_COP_PCM_FRAME_LENGTH",
    "0x0A001038" : "MD_ID_COP_PCM_MEDIA_FORMAT",
    "0x0A001039" : "MD_ID_COP_CONFIG_ZERO_PADDING",
    "0x0A00103A" : "FWK_EXTN_TRIGGER_POLICY",
    "0x0A00103B" : "FWK_EXTN_PARAM_ID_TRIGGER_POLICY_CB_FN",
    "0x0A00103C" : "MD_ID_TTR",
    "0x0A00103D" : "FWK_EXTN_VOICE_DELIVERY",
    "0x0A00103E" : "FWK_EXTN_PROPERTY_ID_VOICE_PROC_START_TRIGGER",
    "0x0A00103F" : "FWK_EXTN_VOICE_DELIVERY_EVENT_ID_CHANGE_CONTAINER_TRIGGER_POLICY",
    "0x0A001040" : "INTF_EXTN_PROP_PORT_DS_STATE",
    "0x0A001041" : "INTF_EXTN_PARAM_ID_PORT_DS_STATE",
    "0x0A001042" : "INTF_EXTN_EVENT_ID_PORT_DS_STATE",
    "0x0A001043" : "FWK_EXTN_CONTAINER_PROC_DURATION",
    "0x0A001044" : "FWK_EXTN_PARAM_ID_CONTAINER_PROC_DURATION",
    "0x0A001045" : "METADATA_ID_1X_TTY",
    "0x0A001046" : "INTF_EXTN_EVENT_ID_BLOCK_PORT_DS_STATE_PROP",
    "0x0A001048" : "INTF_EXTN_PROP_IS_RT_PORT_PROPERTY",
    "0x0A001049" : "INTF_EXTN_PARAM_ID_IS_RT_PORT_PROPERTY",
    "0x0A00104A" : "INTF_EXTN_EVENT_ID_IS_RT_PORT_PROPERTY",
    "0x0A00104B" : "MODULE_CMN_MD_ID_RESET_SESSION_TIME",
    "0x0A00104C" : "FWK_EXTN_EVENT_ID_DATA_TRIGGER_IN_ST_CNTR",
    "0x0A00104D" : "FWK_EXTN_THRESHOLD_CONFIGURATION",
    "0x0A00104E" : "FWK_EXTN_PARAM_ID_THRESHOLD_CFG",
    "0x0A00104F" : "FWK_EXTN_VOICE_DELIVERY_PARAM_ID_FIRST_PROC_TICK_NOTIF",
    "0x0A001050" : "FWK_EXTN_PARAM_ID_LATEST_TRIGGER_TIMESTAMP_PTR",
    "0x0A001051" : "DUMMY_METADATA",
    "0x0A001052" : "MODULE_CMN_MD_ID_ENCODER_FRAME_INFO",
    "0x0A001053" : "MODULE_CMN_MD_ID_BUFFER_START",
    "0x0A001054" : "MODULE_CMN_MD_ID_BUFFER_END",
    "0x0A001055" : "FWK_EXTN_VOICE_DELIVERY_PARAM_ID_RESYNC_NOTIF",
    "0x0A001056" : "MODULE_CMN_MD_ID_MEDIA_FORMAT",
    "0x0A001057" : "FWK_EXTN_ISLAND",
    "0x0A001058" : "FWK_EXTN_EVENT_ID_ISLAND_EXIT",
    "0x0B001000" : "APM_CONTAINER_TYPE_ID_SC",
    "0x0B001001" : "APM_CONTAINER_TYPE_ID_GC",
    "0x0B001002" : "APM_CONTAINER_TYPE_ID_OLC",
    "0x0B001003" : "APM_CONTAINER_TYPE_ID_WC",
    "0x0B001004" : "ASPS_USECASE_ID_ACD",
    "0x0B001005" : "ASPS_USECASE_ID_UPD",
    "0x0B001006" : "ACD_SOUND_MODEL_ID_ENV",
    "0x0B001007" : "ACD_SOUND_MODEL_ID_EVENTS",
    "0x0B001008" : "ACD_SOUND_MODEL_ID_SPEECH",
    "0x0B001009" : "ACD_SOUND_MODEL_ID_MUSIC",
    "0x0B00100A" : "ASPS_USECASE_ID_RAW_DATA"
 
}