[
  {
    "name": "Base_Tools",
    "description": "一系列基础工具的集合，包括gnu-tools,python等",
    "version": "1.0.0",
    "author": "iliuqi",
    "logo": "plugin_resources/logo/logo_Base_Tools.png",
    "zip_url": "https://media.githubusercontent.com/media/miniLQ/onemore/refs/heads/master/release/Base_Tools.zip"
  },
  {
    "name": "DTB2DTS",
    "description": "将设备树二进制文件(DTB)转换为设备树源文件(DTS)的工具",
    "version": "1.0.0",
    "author": "iliuqi",
    "logo": "plugin_resources/logo/logo_DTB2DTS.png",
    "entry": "plugin.py",
    "zip_url": "https://raw.githubusercontent.com/miniLQ/onemore/refs/heads/master/release/DTB2DTS.zip"
  },
  {
    "name": "Android_Images_Unpack",
    "description": "高通平台开发提供给研发人员进行TZ log解析的一个工具",
    "version": "v15_r1",
    "author": "iliuqi",
    "logo": "plugin_resources/logo/logo_Android_Images_Unpack.png",
    "entry": "plugin.py",
    "zip_url": "https://raw.githubusercontent.com/miniLQ/onemore/refs/heads/master/release/Android_Images_Unpack.zip"
  },
  {
    "name": "Memory_Analyzer_Tool",
    "description": "内存分析工具，提供内存分配、泄漏检测等功能",
    "version": "1.0.0",
    "author": "iliuqi",
    "logo": "plugin_resources/logo/logo_Memory_Analyzer_Tool.png",
    "entry": "plugin.py",
    "zip_url": "https://raw.githubusercontent.com/miniLQ/onemore/refs/heads/master/release/Memory_Analyzer_Tool.zip"
  },
  {
    "name": "Tombstone_Parser",
    "description": "Android tombstone文件解析工具，提供崩溃日志分析功能",
    "version": "1.0.0",
    "author": "charter",
    "logo": "plugin_resources/logo/logo_Tombstone_Parser.png",
    "entry": "plugin.py",
    "zip_url": "https://raw.githubusercontent.com/miniLQ/onemore/refs/heads/master/release/Tombstone_Parser.zip"
  },
  {
    "name": "Start_GDB",
    "description": "一键启动GDB调试器",
    "version": "1.0.0",
    "author": "iliuqi",
    "logo": "plugin_resources/logo/logo_Start_GDB.png",
    "entry": "plugin.py",
    "zip_url": "https://raw.githubusercontent.com/miniLQ/onemore/refs/heads/master/release/Start_GDB.zip"
  },
  {
    "name": "Linux_Ramdump_Parser",
    "description": "高通平台开发提供给研发人员进行fulldump/minidump的解析使用的一个工具",
    "version": "opensource-tools.lnx.1.0.r352-rel_6ef890b8",
    "author": "iliuqi",
    "logo": "plugin_resources/logo/logo_Linux_Ramdump_Parser.png",
    "entry": "plugin.py",
    "zip_url": "https://raw.githubusercontent.com/miniLQ/onemore/refs/heads/master/release/Linux_Ramdump_Parser.zip"
  },
  {
    "name": "NOC_Debug",
    "description": "高通平台开发提供给研发人员进行NOC code解析的一个工具",
    "version": "1.0.0",
    "author": "iliuqi",
    "logo": "plugin_resources/logo/logo_NOC_Debug.png",
    "entry": "plugin.py",
    "zip_url": "https://raw.githubusercontent.com/miniLQ/onemore/refs/heads/master/release/NOC_Debug.zip"
  },
  {
    "name": "TZ_Log_Parser",
    "description": "高通平台开发提供给研发人员进行TZ log解析的一个工具",
    "version": "1.0.0",
    "author": "iliuqi",
    "logo": "plugin_resources/logo/logo_TZ_Log_Parser.png",
    "entry": "plugin.py",
    "zip_url": "https://raw.githubusercontent.com/miniLQ/onemore/refs/heads/master/release/TZ_Log_Parser.zip"
  },
  {
    "name": "AEE_DB_Extractor",
    "description": "MTK平台开发提供给研发人员进行AEE DB解析的一个工具",
    "version": "1.0.0",
    "author": "iliuqi",
    "logo": "plugin_resources/logo/logo_AEE_DB_Extractor.png",
    "entry": "plugin.py",
    "zip_url": "https://raw.githubusercontent.com/miniLQ/onemore/refs/heads/master/release/AEE_DB_Extractor.zip"
  },
  {
    "name": "MTK_NE_KE_Analyze",
    "description": "MTK NE/KE分析工具，提供NE/KE日志解析功能",
    "version": "1.0.0",
    "author": "iliuqi",
    "logo": "plugin_resources/logo/logo_MTK_NE_KE_Analyze.png",
    "entry": "plugin.py",
    "zip_url": "https://raw.githubusercontent.com/miniLQ/onemore/refs/heads/master/release/MTK_NE_KE_Analyze.zip"
  },
  {
    "name": "Hansei_Tool",
    "description": "高通平台开发提供给研发人员进行RPM/AOP log解析",
    "version": "1.0.1",
    "author": "iliuqi",
    "logo": "plugin_resources/logo/logo_Hansei_Tool.png",
    "entry": "plugin.py",
    "zip_url": "https://raw.githubusercontent.com/miniLQ/onemore/refs/heads/master/release/Hansei_Tool.zip"
  },
  {
    "name": "ADSP_Crash_Parser",
    "description": "高通平台开发提供给研发人员进行ADSP crash解析的一个工具",
    "version": "1.0.0",
    "logo": "plugin_resources/logo/logo_ADSP_Crash_Parser.png",
    "author": "iliuqi",
    "entry": "plugin.py",
    "zip_url": "https://raw.githubusercontent.com/miniLQ/onemore/refs/heads/master/release/ADSP_Crash_Parser.zip"
  },
  {
    "name": "StabilityAI",
    "description": "基于StabilityAI的AI驱动内核日志分析工具，帮助用户快速定位和解决内核问题。",
    "version": "v1.0.6",
    "logo": "plugin_resources/logo/logo_StabilityAI.png",
    "author": "iliuqi",
    "entry": "plugin.py",
    "zip_url": "https://raw.githubusercontent.com/miniLQ/onemore/refs/heads/master/release/StabilityAI.zip"
  },
  {
    "name": "Backtrace_Analyzer",
    "description": "展锐平台抓取进程backtrace，通过符号表和backtrace可以解析该进程存在的泄漏等问题",
    "version": "1.0.0",
    "author": "charter",
    "logo": "plugin_resources/logo/logo_Backtrace_Analyzer.png",
    "entry": "plugin.py",
    "zip_url": "https://raw.githubusercontent.com/miniLQ/onemore/refs/heads/master/release/Backtrace_Analyzer.zip"
  }
]